"id","timestamp","price","comment","transaction_status","housegroup_id","playerround_id","groupround_id"
"2","2023-12-14 11:55:40","100000","","APPROVED_BUY","13","77","14"
"3","2023-12-14 12:01:50","125000","","REJECTED_BUY","19","79","14"
"4","2023-12-14 12:02:18","125000","","APPROVED_BUY","19","79","14"
"5","2023-12-14 13:14:37","160000","","APPROVED_BUY","16","81","14"
"6","2023-12-14 14:53:44","300000","","APPROVED_BUY","14","83","14"
"7","2023-12-17 20:19:35","125000","Wrong house chosen","REJECTED_BUY","19","90","14"
"8","2023-12-17 20:57:22","160000","Wrong house chosen; cannot afford house!","REJECTED_BUY","16","92","14"
"9","2023-12-20 12:26:28","425000","Ok!","APPROVED_BUY","11","88","14"
"10","2023-12-20 12:27:45","125000","House not available","REJECTED_BUY","19","90","14"
"11","2023-12-20 17:12:11","70000","","REJECTED_BUY","20","90","14"
"12","2023-12-20 18:46:07","80000","","APPROVED_BUY","17","92","14"
"13","2023-12-20 18:47:40","200000","","APPROVED_BUY","12","94","14"
"14","2023-12-20 19:54:43","70000","","APPROVED_BUY","20","90","14"
"15","2023-12-20 21:15:46","100000","","APPROVED_BUY","33","95","19"
"16","2023-12-20 21:16:14","125000","","APPROVED_BUY","39","97","19"
"17","2023-12-20 21:16:35","160000","","APPROVED_BUY","36","99","19"
"18","2023-12-20 21:17:21","200000","","APPROVED_BUY","38","101","19"
"19","2023-12-20 21:17:51","425000","","APPROVED_BUY","31","103","19"
"20","2023-12-20 21:34:20","200000","","APPROVED_BUY","32","105","19"
"21","2023-12-20 21:38:38","80000","","APPROVED_BUY","37","107","19"
"22","2023-12-21 11:32:25","300000","","APPROVED_BUY","44","109","21"
"23","2023-12-21 11:33:35","125000","Cannot afford","REJECTED_BUY","49","111","21"
"24","2023-12-21 11:36:42","80000","","APPROVED_BUY","47","111","21"
"25","2023-12-21 11:45:44","160000","","APPROVED_BUY","45","113","21"
"26","2023-12-21 11:50:14","425000","Too expensive","REJECTED_BUY","41","115","21"
"27","2023-12-21 11:51:13","200000","","APPROVED_BUY","48","115","21"
"28","2023-12-21 11:54:44","125000","","APPROVED_BUY","49","117","21"
"29","2023-12-21 12:04:39","425000","","APPROVED_BUY","41","119","21"
"30","2023-12-26 03:40:41","160000","","REJECTED_BUY","55","124","23"
"31","2023-12-26 03:41:39","160000","","REJECTED_BUY","55","124","23"
"32","2023-12-26 03:43:49","100000","","REJECTED_BUY","53","125","23"
"33","2023-12-26 04:09:58","81000","","REJECTED_BUY","57","125","23"
"34","2023-12-26 04:10:30","100000","","APPROVED_BUY","53","125","23"
"35","2023-12-28 02:00:16","160000","","APPROVED_BUY","55","124","23"
"36","2023-12-29 18:05:09","300000","","APPROVED_BUY","54","121","23"
"37","2023-12-29 18:34:35","200000","ok","APPROVED_BUY","58","127","23"
"38","2023-12-30 03:35:31","125000","","APPROVED_BUY","59","129","23"
"39","2023-12-30 12:49:18","425000","","APPROVED_BUY","51","131","23"
"40","2024-01-07 23:02:37","300000","","APPROVED_SELL","54","134","25"
"41","2024-01-07 23:03:33","0","","APPROVED_STAY","53","135","25"
"42","2024-01-08 01:57:21","300000","t4p1 and t4p6 competed","APPROVED_BUY","69","141","27"
"43","2024-01-08 01:57:59","80000","","APPROVED_BUY","72","142","27"
"44","2024-01-08 01:58:22","160000","","APPROVED_BUY","70","144","27"
"45","2024-01-08 01:59:08","200000","","APPROVED_BUY","67","146","27"
"46","2024-01-08 01:59:41","100000","","APPROVED_BUY","68","148","27"
"47","2024-01-08 02:00:19","300000","t4p1 and t4p6 competed","REJECTED_BUY","69","150","27"
"48","2024-01-08 02:01:18","200000","","APPROVED_BUY","73","152","27"
"49","2024-01-08 02:02:35","70000","","APPROVED_BUY","75","154","27"
"50","2024-01-08 02:03:14","425000","","APPROVED_BUY","66","150","27"
"51","2024-01-08 03:23:49","0","","REJECTED_STAY","55","137","25"
"52","2024-01-09 03:36:53","200000","","APPROVED_BUY","61","134","25"
"53","2024-01-09 03:40:52","0","","APPROVED_STAY","55","137","25"
"54","2024-01-09 03:42:05","200000","","APPROVED_SELL","58","133","25"
"55","2024-01-09 03:44:03","200000","","APPROVED_BUY","58","133","25"
"56","2024-01-09 03:45:54","0","","APPROVED_STAY","59","136","25"
"57","2024-01-09 03:47:31","0","","APPROVED_STAY","51","138","25"
"58","2024-01-29 17:11:22","125000","","APPROVED_BUY","89","158","30"
"59","2024-01-29 17:31:55","125000","Juliette does not really want to move...","REJECTED_SELL","89","159","31"
"60","2024-01-29 17:33:07","125000","","APPROVED_SELL","89","159","31"
"61","2024-01-29 17:34:02","80000","","APPROVED_BUY","93","159","31"
"62","2024-01-31 10:29:41","100000","","APPROVED_BUY","103","161","34"
"63","2024-01-31 10:37:48","0","","APPROVED_STAY","103","162","35"
"64","2024-02-12 03:55:40","100000","","APPROVED_BUY","123","165","38"
"65","2024-02-19 09:34:56","100000","","APPROVED_BUY","148","172","43"
"66","2024-03-04 11:10:56","0","","APPROVED_STAY","148","173","44"
"77","2024-04-04 14:39:21","125000","","APPROVED_BUY","234","211","59"
"78","2024-04-04 14:39:21","300000","","APPROVED_BUY","229","200","59"
"79","2024-04-04 14:39:22","160000","","APPROVED_BUY","231","202","59"
"80","2024-04-04 14:39:23","200000","","APPROVED_BUY","217","209","58"
"81","2024-04-04 14:39:25","100000","","APPROVED_BUY","218","205","58"
"82","2024-04-04 14:39:25","70000","","APPROVED_BUY","225","206","58"
"83","2024-04-04 14:39:25","70000","","APPROVED_BUY","235","203","59"
"84","2024-04-04 14:39:26","300000","","APPROVED_BUY","219","199","58"
"85","2024-04-04 14:39:52","125000","","APPROVED_BUY","224","207","58"
"86","2024-04-04 14:40:00","425000","","APPROVED_BUY","216","208","58"
"87","2024-04-04 14:42:08","80000","","APPROVED_BUY","232","201","59"
"88","2024-04-04 14:42:37","160000","","APPROVED_BUY","230","204","59"
"89","2024-04-04 15:00:02","0","","APPROVED_STAY","218","212","60"
"90","2024-04-04 15:00:02","0","","APPROVED_STAY","216","217","60"
"91","2024-04-04 15:00:15","0","","APPROVED_STAY","224","215","60"
"92","2024-04-04 15:00:18","0","","APPROVED_STAY","225","214","60"
"93","2024-04-04 15:00:29","0","","APPROVED_STAY","219","213","60"
"94","2024-04-04 15:01:45","0","","REJECTED_STAY","217","216","60"
"95","2024-04-04 15:04:36","0","","APPROVED_STAY","235","222","61"
"96","2024-04-04 15:04:37","0","","APPROVED_STAY","232","221","61"
"97","2024-04-04 15:04:38","160000","","APPROVED_SELL","230","220","61"
"98","2024-04-04 15:04:42","125000","","REJECTED_SELL","234","223","61"
"99","2024-04-04 15:05:07","0","","APPROVED_STAY","217","216","60"
"100","2024-04-04 15:05:58","0","","APPROVED_STAY","229","218","61"
"101","2024-04-04 15:06:15","0","","APPROVED_STAY","231","219","61"
"102","2024-04-04 15:08:47","0","","APPROVED_STAY","234","223","61"
"103","2024-04-04 15:10:11","125000","","APPROVED_BUY","244","220","61"
"104","2024-04-04 15:22:35","115000","","APPROVED_SELL","224","226","62"
"105","2024-04-04 15:22:45","0","","APPROVED_STAY","225","227","62"
"106","2024-04-04 15:22:46","0","","APPROVED_STAY","218","225","62"
"107","2024-04-04 15:22:48","0","","APPROVED_STAY","217","228","62"
"108","2024-04-04 15:22:48","0","","APPROVED_STAY","216","224","62"
"109","2024-04-04 15:24:58","300000","","APPROVED_SELL","219","229","62"
"110","2024-04-04 15:26:43","0","","APPROVED_STAY","232","232","63"
"111","2024-04-04 15:26:44","0","","APPROVED_STAY","235","231","63"
"112","2024-04-04 15:26:44","0","","APPROVED_STAY","231","233","63"
"113","2024-04-04 15:26:45","0","","APPROVED_STAY","244","230","63"
"114","2024-04-04 15:26:49","0","","APPROVED_STAY","229","234","63"
"115","2024-04-04 15:27:01","100000","","APPROVED_BUY","246","226","62"
"116","2024-04-04 15:27:08","160000","","APPROVED_BUY","248","229","62"
"117","2024-04-04 15:27:19","0","","APPROVED_STAY","234","235","63"
"118","2024-04-04 15:38:09","0","","APPROVED_STAY","231","238","64"
"119","2024-04-04 15:38:09","0","","APPROVED_STAY","232","239","64"
"120","2024-04-04 15:38:11","0","","APPROVED_STAY","235","236","64"
"121","2024-04-04 15:38:13","0","","APPROVED_STAY","244","237","64"
"122","2024-04-04 15:38:23","0","","APPROVED_STAY","229","240","64"
"123","2024-04-04 15:38:26","0","","APPROVED_STAY","234","241","64"
"124","2024-04-04 15:45:03","0","","APPROVED_STAY","218","242","65"
"125","2024-04-04 15:45:04","0","","APPROVED_STAY","225","243","65"
"126","2024-04-04 15:45:04","0","","APPROVED_STAY","217","246","65"
"127","2024-04-04 15:45:07","0","","REJECTED_STAY","246","244","65"
"128","2024-04-04 15:45:19","0","","APPROVED_STAY","248","247","65"
"129","2024-04-04 15:48:15","0","","APPROVED_STAY","216","245","65"
"130","2024-04-04 15:49:25","100000","","APPROVED_SELL","246","244","65"
"131","2024-04-04 15:50:08","70000","","APPROVED_BUY","265","244","65"
"145","2024-04-07 07:58:02","300000","","APPROVED_BUY","374","282","92"
"146","2024-04-07 15:30:10","70000","","APPROVED_BUY","390","284","93"
"147","2024-04-08 11:46:12","100000","","APPROVED_BUY","393","291","95"
"148","2024-04-08 11:46:16","70000","","APPROVED_BUY","400","292","95"
"149","2024-04-08 11:46:16","300000","","APPROVED_BUY","394","289","95"
"150","2024-04-08 11:46:25","80000","","APPROVED_BUY","397","290","95"
"151","2024-04-08 12:14:43","0","","APPROVED_STAY","393","296","96"
"152","2024-04-08 12:14:46","0","","APPROVED_STAY","400","293","96"
"153","2024-04-08 12:14:49","0","","APPROVED_STAY","397","295","96"
"154","2024-04-08 12:14:58","0","","APPROVED_STAY","394","294","96"
"155","2024-04-08 12:42:43","0","","APPROVED_STAY","393","299","97"
"156","2024-04-08 12:42:52","0","","APPROVED_STAY","397","297","97"
"157","2024-04-08 12:42:57","119000","","APPROVED_SELL","400","298","97"
"158","2024-04-08 12:43:24","0","","APPROVED_STAY","394","300","97"
"159","2024-04-08 12:45:30","100000","","APPROVED_BUY","406","298","97"
"160","2024-04-08 13:12:15","90000","","APPROVED_SELL","393","301","98"
"161","2024-04-08 13:12:18","0","","APPROVED_STAY","406","303","98"
"162","2024-04-08 13:12:24","0","","APPROVED_STAY","397","302","98"
"163","2024-04-08 13:13:12","300000","","APPROVED_SELL","394","304","98"
"164","2024-04-08 13:14:36","160000","","APPROVED_BUY","412","301","98"
"165","2024-04-08 13:14:41","425000","","APPROVED_BUY","411","304","98"
"177","2024-04-11 11:01:28","100000","","REJECTED_BUY","463","361","115"
"178","2024-04-11 11:02:11","80000","","APPROVED_BUY","477","372","116"
"179","2024-04-11 11:02:16","100000","","REJECTED_BUY","463","363","115"
"180","2024-04-11 11:02:19","160000","","APPROVED_BUY","466","360","115"
"181","2024-04-11 11:02:22","200000","","APPROVED_BUY","472","374","116"
"182","2024-04-11 11:02:24","300000","","APPROVED_BUY","464","367","115"
"183","2024-04-11 11:03:03","425000","","APPROVED_BUY","461","355","115"
"184","2024-04-11 11:03:06","160000","","APPROVED_BUY","475","369","116"
"185","2024-04-11 11:03:18","70000","","APPROVED_BUY","480","373","116"
"186","2024-04-11 11:04:06","200000","","APPROVED_BUY","462","365","115"
"187","2024-04-11 11:04:12","306000","","APPROVED_BUY","474","371","116"
"188","2024-04-11 11:04:50","70000","","APPROVED_BUY","470","361","115"
"195","2024-04-11 11:05:21","80000","","APPROVED_BUY","467","364","115"
"196","2024-04-11 11:05:38","160000","","APPROVED_BUY","476","370","116"
"197","2024-04-11 11:05:44","110000","","APPROVED_BUY","463","363","115"
"200","2024-04-11 11:12:41","200000","","APPROVED_BUY","512","402","120"
"201","2024-04-11 11:12:41","100000","","APPROVED_BUY","513","401","120"
"202","2024-04-11 11:12:44","300000","","APPROVED_BUY","514","403","120"
"204","2024-04-11 11:12:55","100000","","APPROVED_BUY","503","391","119"
"205","2024-04-11 11:12:58","160000","","APPROVED_BUY","505","389","119"
"206","2024-04-11 11:13:00","70000","","REJECTED_BUY","510","393","119"
"207","2024-04-11 11:13:03","70000","","APPROVED_BUY","510","392","119"
"208","2024-04-11 11:13:04","70000","","APPROVED_BUY","520","400","120"
"209","2024-04-11 11:13:05","160000","","APPROVED_BUY","515","399","120"
"210","2024-04-11 11:13:05","425000","","REJECTED_BUY","501","396","119"
"211","2024-04-11 11:13:17","160000","","APPROVED_BUY","506","406","119"
"212","2024-04-11 11:13:24","5000","","REJECTED_BUY","519","404","120"
"213","2024-04-11 11:13:44","200000","","REJECTED_BUY","502","390","119"
"214","2024-04-11 11:13:54","60000","","APPROVED_BUY","499","385","118"
"215","2024-04-11 11:13:56","160000","","APPROVED_BUY","496","397","118"
"216","2024-04-11 11:13:56","200000","","APPROVED_BUY","492","386","118"
"217","2024-04-11 11:13:57","70000","","APPROVED_BUY","500","395","118"
"218","2024-04-11 11:13:58","80000","","APPROVED_BUY","497","394","118"
"219","2024-04-11 11:13:58","160000","","APPROVED_BUY","495","388","118"
"220","2024-04-11 11:13:58","138000","","APPROVED_BUY","493","398","118"
"222","2024-04-11 11:14:14","125000","","APPROVED_BUY","519","404","120"
"224","2024-04-11 11:16:31","80000","","APPROVED_BUY","507","393","119"
"225","2024-04-11 11:18:19","0","","APPROVED_STAY","472","412","121"
"226","2024-04-11 11:18:21","0","","APPROVED_STAY","477","409","121"
"227","2024-04-11 11:18:21","0","","APPROVED_STAY","476","411","121"
"229","2024-04-11 11:18:29","0","","APPROVED_STAY","475","408","121"
"230","2024-04-11 11:18:34","0","","APPROVED_STAY","480","410","121"
"231","2024-04-11 11:18:37","0","","APPROVED_STAY","474","407","121"
"233","2024-04-11 11:20:52","125000","","APPROVED_BUY","509","390","119"
"234","2024-04-11 11:22:16","200000","","REJECTED_BUY","502","396","119"
"235","2024-04-11 11:22:53","300000","","REJECTED_BUY","504","396","119"
"236","2024-04-11 11:23:55","300000","Bid with player t1p6 (160k), t1p4 (300k)","APPROVED_BUY","502","396","119"
"239","2024-04-11 11:28:05","0","","APPROVED_STAY","464","415","122"
"240","2024-04-11 11:28:05","0","","APPROVED_STAY","470","414","122"
"241","2024-04-11 11:28:05","0","","APPROVED_STAY","463","417","122"
"242","2024-04-11 11:28:10","0","","APPROVED_STAY","466","413","122"
"243","2024-04-11 11:28:15","0","","APPROVED_STAY","461","419","122"
"244","2024-04-11 11:28:31","0","","APPROVED_STAY","467","416","122"
"245","2024-04-11 11:28:44","0","","APPROVED_STAY","462","418","122"
"246","2024-04-11 11:31:11","0","","APPROVED_STAY","515","421","123"
"247","2024-04-11 11:31:13","0","","APPROVED_STAY","520","420","123"
"248","2024-04-11 11:31:18","0","","APPROVED_STAY","514","422","123"
"249","2024-04-11 11:31:23","0","","APPROVED_STAY","519","425","123"
"250","2024-04-11 11:31:27","0","","APPROVED_STAY","512","423","123"
"251","2024-04-11 11:31:29","0","","APPROVED_STAY","513","424","123"
"252","2024-04-11 11:31:34","0","","APPROVED_STAY","472","429","124"
"253","2024-04-11 11:31:40","60000","","APPROVED_SELL","480","431","124"
"254","2024-04-11 11:31:48","0","","APPROVED_STAY","474","428","124"
"255","2024-04-11 11:31:51","0","","APPROVED_STAY","475","427","124"
"256","2024-04-11 11:32:47","0","","APPROVED_STAY","476","426","124"
"257","2024-04-11 11:32:49","60000","","REJECTED_SELL","477","430","124"
"258","2024-04-11 11:33:31","70000","","APPROVED_SELL","477","430","124"
"259","2024-04-11 11:34:00","100000","","REJECTED_BUY","536","431","124"
"260","2024-04-11 11:34:00","100000","","REJECTED_BUY","536","430","124"
"261","2024-04-11 11:35:16","200000","","APPROVED_SELL","492","435","125"
"262","2024-04-11 11:35:19","0","","APPROVED_STAY","499","434","125"
"263","2024-04-11 11:35:29","200000","","REJECTED_SELL","496","437","125"
"264","2024-04-11 11:35:36","0","","APPROVED_STAY","497","433","125"
"265","2024-04-11 11:35:54","190000","","REJECTED_SELL","495","432","125"
"266","2024-04-11 11:36:02","85000","","REJECTED_SELL","500","436","125"
"267","2024-04-11 11:36:05","70000","","APPROVED_BUY","477","430","124"
"268","2024-04-11 11:36:07","104000","","APPROVED_BUY","536","431","124"
"269","2024-04-11 11:36:30","0","","APPROVED_STAY","493","438","125"
"270","2024-04-11 11:38:23","160000","","APPROVED_SELL","505","444","127"
"271","2024-04-11 11:38:25","0","","APPROVED_STAY","503","443","127"
"272","2024-04-11 11:38:26","0","","APPROVED_STAY","502","440","127"
"273","2024-04-11 11:38:28","0","","APPROVED_STAY","506","442","127"
"274","2024-04-11 11:38:35","70000","","APPROVED_SELL","500","436","125"
"275","2024-04-11 11:39:02","160000","","APPROVED_SELL","495","432","125"
"276","2024-04-11 11:39:37","160000","","APPROVED_SELL","496","437","125"
"277","2024-04-11 11:39:56","80000","","APPROVED_BUY","544","436","125"
"278","2024-04-11 11:40:00","70000","","APPROVED_BUY","546","435","125"
"279","2024-04-11 11:40:29","130000","","REJECTED_BUY","542","437","125"
"280","2024-04-11 11:40:37","200000","","APPROVED_BUY","492","432","125"
"281","2024-04-11 11:41:38","200000","","APPROVED_BUY","542","437","125"
"282","2024-04-11 11:42:46","0","","APPROVED_STAY","470","447","129"
"283","2024-04-11 11:42:46","0","","APPROVED_STAY","461","452","129"
"284","2024-04-11 11:42:46","290000","","APPROVED_SELL","464","446","129"
"285","2024-04-11 11:42:47","0","","APPROVED_STAY","467","449","129"
"286","2024-04-11 11:42:49","0","","APPROVED_STAY","463","448","129"
"287","2024-04-11 11:42:49","0","","APPROVED_STAY","462","450","129"
"288","2024-04-11 11:43:45","150000","","APPROVED_SELL","466","451","129"
"289","2024-04-11 11:44:02","0","","APPROVED_STAY","520","458","130"
"290","2024-04-11 11:44:03","0","","APPROVED_STAY","515","457","130"
"291","2024-04-11 11:44:05","0","","APPROVED_STAY","514","454","130"
"292","2024-04-11 11:44:08","0","","APPROVED_STAY","512","453","130"
"293","2024-04-11 11:44:35","0","","APPROVED_STAY","519","456","130"
"294","2024-04-11 11:44:38","0","","APPROVED_STAY","513","455","130"
"295","2024-04-11 11:45:17","0","","APPROVED_STAY","472","463","131"
"296","2024-04-11 11:45:18","0","","APPROVED_STAY","536","459","131"
"297","2024-04-11 11:45:24","0","","APPROVED_STAY","477","461","131"
"298","2024-04-11 11:45:26","0","","APPROVED_STAY","474","462","131"
"299","2024-04-11 11:45:27","125000","","REJECTED_BUY","567","446","129"
"300","2024-04-11 11:45:33","0","","APPROVED_STAY","476","460","131"
"301","2024-04-11 11:45:56","125000","","REJECTED_BUY","567","451","129"
"302","2024-04-11 11:46:10","0","","APPROVED_STAY","507","439","127"
"303","2024-04-11 11:46:26","155000","","APPROVED_SELL","475","464","131"
"304","2024-04-11 11:47:10","200000","","APPROVED_BUY","575","464","131"
"305","2024-04-11 11:47:12","125000","","APPROVED_BUY","568","446","129"
"306","2024-04-11 11:47:18","125000","","APPROVED_SELL","509","441","127"
"307","2024-04-11 11:48:32","160000","","APPROVED_BUY","505","441","127"
"308","2024-04-11 11:48:34","300000","","APPROVED_BUY","584","475","133"
"309","2024-04-11 11:48:35","100000","","APPROVED_BUY","583","471","133"
"310","2024-04-11 11:48:36","160000","won bidding, changes price","REJECTED_BUY","585","474","133"
"311","2024-04-11 11:48:38","0","","APPROVED_STAY","510","445","127"
"312","2024-04-11 11:48:38","80000","lost bidding","REJECTED_BUY","587","476","133"
"313","2024-04-11 11:48:39","80000","lost bidding, changes price","REJECTED_BUY","587","472","133"
"314","2024-04-11 11:48:40","80000","","APPROVED_BUY","554","444","127"
"315","2024-04-11 11:48:43","125000","","APPROVED_BUY","567","451","129"
"316","2024-04-11 11:48:47","160000","lost bidding","REJECTED_BUY","585","473","133"
"317","2024-04-11 11:51:31","0","","APPROVED_STAY","499","482","134"
"318","2024-04-11 11:51:47","0","","APPROVED_STAY","513","488","135"
"319","2024-04-11 11:51:58","300000","","APPROVED_SELL","514","485","135"
"320","2024-04-11 11:52:00","0","","APPROVED_STAY","542","480","134"
"321","2024-04-11 11:52:02","300000","","REJECTED_SELL","519","489","135"
"322","2024-04-11 11:52:08","160000","","APPROVED_SELL","515","484","135"
"323","2024-04-11 11:52:11","0","","APPROVED_STAY","520","487","135"
"324","2024-04-11 11:52:21","0","","APPROVED_STAY","512","486","135"
"325","2024-04-11 11:52:22","0","","APPROVED_STAY","546","477","134"
"326","2024-04-11 11:52:23","165000","","APPROVED_BUY","585","474","133"
"327","2024-04-11 11:52:23","81000","","APPROVED_BUY","587","472","133"
"328","2024-04-11 11:53:00","0","","APPROVED_STAY","493","479","134"
"329","2024-04-11 11:53:06","125000","","APPROVED_BUY","589","476","133"
"330","2024-04-11 11:53:10","0","","APPROVED_STAY","544","478","134"
"331","2024-04-11 11:53:11","160000","","APPROVED_BUY","586","473","133"
"332","2024-04-11 11:53:19","0","","APPROVED_STAY","492","481","134"
"333","2024-04-11 11:53:21","0","","APPROVED_STAY","497","483","134"
"334","2024-04-11 11:54:00","0","","APPROVED_STAY","519","489","135"
"335","2024-04-11 11:54:17","425000","","APPROVED_BUY","598","485","135"
"336","2024-04-11 11:55:18","200000","","APPROVED_BUY","597","484","135"
"337","2024-04-11 11:55:30","0","","APPROVED_STAY","554","490","136"
"338","2024-04-11 11:55:32","0","","APPROVED_STAY","507","491","136"
"339","2024-04-11 11:55:32","0","","APPROVED_STAY","503","493","136"
"340","2024-04-11 11:55:49","65000","","APPROVED_SELL","510","495","136"
"341","2024-04-11 11:55:57","0","","APPROVED_STAY","506","496","136"
"342","2024-04-11 11:56:49","0","","APPROVED_STAY","505","492","136"
"343","2024-04-11 11:57:18","0","","APPROVED_STAY","502","494","136"
"344","2024-04-11 11:57:57","0","","APPROVED_STAY","568","497","137"
"345","2024-04-11 11:57:58","0","","APPROVED_STAY","462","498","137"
"346","2024-04-11 11:58:00","0","","APPROVED_STAY","463","500","137"
"347","2024-04-11 11:58:01","0","","APPROVED_STAY","567","503","137"
"348","2024-04-11 11:58:02","0","","APPROVED_STAY","467","499","137"
"349","2024-04-11 11:58:02","0","","APPROVED_STAY","470","501","137"
"350","2024-04-11 11:58:04","0","","APPROVED_STAY","461","502","137"
"351","2024-04-11 11:58:20","100000","","APPROVED_BUY","603","495","136"
"352","2024-04-11 11:58:49","0","","APPROVED_STAY","546","509","138"
"353","2024-04-11 11:58:49","0","","APPROVED_STAY","544","508","138"
"354","2024-04-11 11:59:09","0","","APPROVED_STAY","493","504","138"
"355","2024-04-11 11:59:45","250000","Too high bid","REJECTED_SELL","499","510","138"
"356","2024-04-11 12:00:21","0","","APPROVED_STAY","584","513","139"
"357","2024-04-11 12:00:21","0","","APPROVED_STAY","585","511","139"
"358","2024-04-11 12:00:22","0","","APPROVED_STAY","583","512","139"
"359","2024-04-11 12:00:23","0","","APPROVED_STAY","587","514","139"
"360","2024-04-11 12:00:25","0","","APPROVED_STAY","586","516","139"
"361","2024-04-11 12:01:07","0","","APPROVED_STAY","589","515","139"
"362","2024-04-11 12:02:01","200000","","APPROVED_SELL","542","507","138"
"363","2024-04-11 12:02:45","70000","","APPROVED_BUY","620","507","138"
"364","2024-04-11 12:03:11","0","","APPROVED_STAY","497","506","138"
"365","2024-04-11 12:03:28","175000","market price is 125k","REJECTED_SELL","499","510","138"
"366","2024-04-11 12:03:29","0","","APPROVED_STAY","554","517","140"
"367","2024-04-11 12:03:31","0","","APPROVED_STAY","505","521","140"
"368","2024-04-11 12:03:33","0","","APPROVED_STAY","506","518","140"
"369","2024-04-11 12:03:33","0","","APPROVED_STAY","492","505","138"
"370","2024-04-11 12:03:34","0","","APPROVED_STAY","603","522","140"
"371","2024-04-11 12:03:37","0","","APPROVED_STAY","507","520","140"
"372","2024-04-11 12:03:38","0","","APPROVED_STAY","503","519","140"
"373","2024-04-11 12:03:50","0","","APPROVED_STAY","502","523","140"
"374","2024-04-11 12:04:09","0","","APPROVED_STAY","499","510","138"
"375","2024-04-11 12:06:35","0","","APPROVED_STAY","583","525","141"
"376","2024-04-11 12:06:37","0","","APPROVED_STAY","584","526","141"
"377","2024-04-11 12:06:40","0","","APPROVED_STAY","585","527","141"
"378","2024-04-11 12:06:40","0","","APPROVED_STAY","585","527","141"
"379","2024-04-11 12:06:41","150000","price too high","REJECTED_SELL","589","524","141"
"380","2024-04-11 12:07:17","0","","APPROVED_STAY","587","528","141"
"381","2024-04-11 12:07:42","115000","","APPROVED_SELL","589","524","141"
"382","2024-04-11 12:07:49","0","","APPROVED_STAY","586","529","141"
"383","2024-04-11 12:08:35","100000","","APPROVED_BUY","632","524","141"
"393","2024-09-14 04:59:48","200000","","REJECTED_BUY","720","550","160"
"394","2024-09-14 05:00:28","200000","","REJECTED_BUY","714","550","160"
"395","2024-09-14 05:01:30","125000","","APPROVED_BUY","721","550","160"
"396","2024-09-23 13:49:39","200000","","APPROVED_BUY","724","554","162"
"397","2024-09-23 13:49:49","160000","","APPROVED_BUY","727","553","162"
"398","2024-09-23 21:00:41","300000","","APPROVED_BUY","751","567","167"
"399","2024-09-23 21:00:44","160000","","REJECTED_BUY","752","570","167"
"400","2024-09-23 21:00:57","200000","","APPROVED_BUY","755","571","167"
"401","2024-09-23 21:02:02","120000","He really insisted.","APPROVED_BUY","750","566","167"
"402","2024-09-23 21:02:49","160000","","APPROVED_BUY","753","568","167"
"403","2024-09-23 21:03:18","125000","","APPROVED_BUY","756","572","167"
"404","2024-09-23 21:05:58","160000","","APPROVED_BUY","752","570","167"
"405","2024-09-24 06:23:47","0","","APPROVED_STAY","756","573","168"
"406","2024-09-24 06:24:47","100000","Big debt","APPROVED_SELL","750","574","168"
"407","2024-09-24 06:26:44","0","","APPROVED_STAY","751","575","168"
"408","2024-09-24 06:27:08","0","","APPROVED_STAY","755","576","168"
"409","2024-09-24 06:27:26","0","","APPROVED_STAY","753","577","168"
"410","2024-09-24 06:27:43","0","","APPROVED_STAY","752","578","168"
"411","2024-09-24 06:28:14","70000","","APPROVED_BUY","762","574","168"
"412","2024-09-24 08:50:49","0","","APPROVED_STAY","752","580","169"
"413","2024-09-24 08:51:19","0","","REJECTED_STAY","756","581","169"
"414","2024-09-24 08:52:42","0","","APPROVED_STAY","762","582","169"
"415","2024-09-24 08:53:11","0","","APPROVED_STAY","751","583","169"
"416","2024-09-24 08:55:21","0","","APPROVED_STAY","755","584","169"
"417","2024-09-24 08:55:53","0","","APPROVED_STAY","753","585","169"
"418","2024-09-24 08:57:46","0","","APPROVED_STAY","756","581","169"
"419","2024-09-24 10:42:38","70000","","APPROVED_BUY","788","635","177"
"420","2024-09-24 10:42:40","100000","","APPROVED_BUY","781","633","177"
"421","2024-09-24 10:42:40","125000","","APPROVED_BUY","787","640","177"
"422","2024-09-24 10:42:41","80000","","APPROVED_BUY","785","636","177"
"423","2024-09-24 10:42:41","300000","","APPROVED_BUY","782","638","177"
"424","2024-09-24 10:42:44","200000","","APPROVED_BUY","780","637","177"
"425","2024-09-24 10:42:50","160000","","APPROVED_BUY","783","634","177"
"426","2024-09-24 10:45:27","200000","","APPROVED_BUY","786","639","177"
"427","2024-09-24 10:46:26","70000","","APPROVED_BUY","778","632","176"
"428","2024-09-24 10:46:28","260000","Bid","APPROVED_BUY","770","625","176"
"429","2024-09-24 10:46:29","300000","","APPROVED_BUY","772","626","176"
"430","2024-09-24 10:46:29","160000","","REJECTED_BUY","774","628","176"
"431","2024-09-24 10:46:31","200000","","APPROVED_BUY","776","630","176"
"432","2024-09-24 10:46:32","80000","","APPROVED_BUY","775","631","176"
"433","2024-09-24 10:46:37","160000","","APPROVED_BUY","774","627","176"
"434","2024-09-24 10:46:42","125000","","APPROVED_BUY","771","629","176"
"435","2024-09-24 10:46:55","200000","","APPROVED_BUY","800","650","179"
"436","2024-09-24 10:47:03","425000","","APPROVED_BUY","799","649","179"
"437","2024-09-24 10:47:44","160000","","APPROVED_BUY","804","652","179"
"438","2024-09-24 10:47:44","160000","","APPROVED_BUY","803","651","179"
"439","2024-09-24 10:47:46","70000","","APPROVED_BUY","808","653","179"
"440","2024-09-24 10:47:51","111000","","APPROVED_BUY","801","655","179"
"441","2024-09-24 10:47:54","100000","","REJECTED_BUY","807","654","179"
"442","2024-09-24 10:47:54","100000","market price!!","REJECTED_BUY","807","654","179"
"443","2024-09-24 10:49:13","160000","","APPROVED_BUY","773","628","176"
"444","2024-09-24 10:49:39","125000","","APPROVED_BUY","807","654","179"
"445","2024-09-24 10:50:00","235000","","APPROVED_BUY","790","642","178"
"446","2024-09-24 10:50:00","70000","","APPROVED_BUY","798","645","178"
"447","2024-09-24 10:50:02","126000","","APPROVED_BUY","791","641","178"
"448","2024-09-24 10:50:02","300000","","APPROVED_BUY","792","643","178"
"449","2024-09-24 10:50:02","160000","","APPROVED_BUY","793","644","178"
"450","2024-09-24 10:50:05","160000","","APPROVED_BUY","794","646","178"
"451","2024-09-24 10:51:16","200000","","APPROVED_BUY","796","648","178"
"452","2024-09-24 10:51:19","80000","","APPROVED_BUY","795","647","178"
"453","2024-09-24 10:56:24","221000","","REJECTED_BUY","816","658","180"
"454","2024-09-24 10:56:24","221000","won BID","APPROVED_BUY","816","658","180"
"455","2024-09-24 10:56:25","110000","won the second BID","APPROVED_BUY","811","659","180"
"456","2024-09-24 10:56:26","153000","won BID","APPROVED_BUY","817","660","180"
"457","2024-09-24 10:56:27","350000","won BID","APPROVED_BUY","812","656","180"
"458","2024-09-24 10:56:27","160000","","APPROVED_BUY","814","657","180"
"459","2024-09-24 10:56:27","160000","","APPROVED_BUY","813","662","180"
"460","2024-09-24 10:56:29","232000","wonBID","APPROVED_BUY","810","663","180"
"461","2024-09-24 10:56:40","70000","","APPROVED_BUY","818","661","180"
"462","2024-09-24 11:03:00","0","","APPROVED_STAY","781","666","181"
"463","2024-09-24 11:03:00","0","","APPROVED_STAY","788","669","181"
"464","2024-09-24 11:03:01","0","","APPROVED_STAY","783","668","181"
"465","2024-09-24 11:03:03","0","","APPROVED_STAY","787","665","181"
"466","2024-09-24 11:03:04","0","","APPROVED_STAY","786","670","181"
"467","2024-09-24 11:03:05","0","","APPROVED_STAY","780","667","181"
"468","2024-09-24 11:03:09","0","","APPROVED_STAY","782","664","181"
"469","2024-09-24 11:03:39","0","","APPROVED_STAY","785","671","181"
"470","2024-09-24 11:12:41","0","","APPROVED_STAY","770","673","182"
"471","2024-09-24 11:12:43","200000","","APPROVED_SELL","776","675","182"
"472","2024-09-24 11:12:55","0","","APPROVED_STAY","771","677","182"
"473","2024-09-24 11:13:06","0","","APPROVED_STAY","775","678","182"
"474","2024-09-24 11:13:33","70000","","APPROVED_SELL","778","679","182"
"475","2024-09-24 11:14:37","0","","APPROVED_STAY","772","674","182"
"476","2024-09-24 11:14:40","0","","APPROVED_STAY","773","676","182"
"477","2024-09-24 11:16:01","0","","APPROVED_STAY","774","672","182"
"478","2024-09-24 11:16:20","0","","APPROVED_STAY","799","680","183"
"479","2024-09-24 11:16:22","0","","APPROVED_STAY","803","681","183"
"480","2024-09-24 11:16:24","125000","","APPROVED_BUY","827","675","182"
"481","2024-09-24 11:16:24","80000","","APPROVED_BUY","826","679","182"
"482","2024-09-24 11:16:25","0","","APPROVED_STAY","807","684","183"
"483","2024-09-24 11:16:37","0","","APPROVED_STAY","800","683","183"
"484","2024-09-24 11:16:46","0","","APPROVED_STAY","808","682","183"
"485","2024-09-24 11:17:03","0","","APPROVED_STAY","801","685","183"
"486","2024-09-24 11:17:04","0","","APPROVED_STAY","801","685","183"
"487","2024-09-24 11:17:15","0","","APPROVED_STAY","804","702","183"
"488","2024-09-24 11:18:04","0","","APPROVED_STAY","794","695","185"
"489","2024-09-24 11:18:06","0","","APPROVED_STAY","795","697","185"
"490","2024-09-24 11:18:06","0","","APPROVED_STAY","793","700","185"
"491","2024-09-24 11:18:08","0","","APPROVED_STAY","791","698","185"
"492","2024-09-24 11:18:09","0","","APPROVED_STAY","790","694","185"
"493","2024-09-24 11:18:09","0","","APPROVED_STAY","798","693","185"
"494","2024-09-24 11:18:19","200000","","APPROVED_SELL","796","696","185"
"495","2024-09-24 11:19:35","200000","","APPROVED_BUY","839","696","185"
"496","2024-09-24 11:20:05","0","","APPROVED_STAY","792","699","185"
"497","2024-09-24 11:20:28","0","","APPROVED_STAY","783","706","186"
"498","2024-09-24 11:20:29","0","","APPROVED_STAY","787","703","186"
"499","2024-09-24 11:20:31","0","","APPROVED_STAY","786","710","186"
"500","2024-09-24 11:20:32","0","","APPROVED_STAY","788","707","186"
"501","2024-09-24 11:20:35","0","","APPROVED_STAY","782","708","186"
"502","2024-09-24 11:20:35","104000","Three improvements.","APPROVED_SELL","785","709","186"
"503","2024-09-24 11:20:40","0","","APPROVED_STAY","780","705","186"
"504","2024-09-24 11:21:26","0","","APPROVED_STAY","781","704","186"
"505","2024-09-24 11:23:34","160000","","APPROVED_SELL","813","687","184"
"506","2024-09-24 11:23:36","100000","","APPROVED_BUY","844","709","186"
"507","2024-09-24 11:23:49","0","","APPROVED_STAY","817","690","184"
"508","2024-09-24 11:23:51","0","","APPROVED_STAY","816","688","184"
"509","2024-09-24 11:25:44","0","","APPROVED_STAY","812","701","184"
"510","2024-09-24 11:25:45","0","","APPROVED_STAY","814","691","184"
"511","2024-09-24 11:25:47","0","","APPROVED_STAY","811","689","184"
"512","2024-09-24 11:25:55","0","","APPROVED_STAY","810","686","184"
"513","2024-09-24 11:26:11","300000","","APPROVED_BUY","835","687","184"
"514","2024-09-24 11:26:27","0","","APPROVED_STAY","827","711","187"
"515","2024-09-24 11:26:35","0","","APPROVED_STAY","770","712","187"
"516","2024-09-24 11:26:36","0","","APPROVED_STAY","772","716","187"
"517","2024-09-24 11:26:56","0","","APPROVED_STAY","775","717","187"
"518","2024-09-24 11:27:03","0","","APPROVED_STAY","773","713","187"
"519","2024-09-24 11:27:17","0","","APPROVED_STAY","771","714","187"
"520","2024-09-24 11:28:28","80000","","APPROVED_SELL","826","718","187"
"521","2024-09-24 11:28:54","0","","APPROVED_STAY","774","715","187"
"522","2024-09-24 11:29:19","100000","","APPROVED_BUY","850","718","187"
"523","2024-09-24 11:29:55","65000","","APPROVED_SELL","808","722","188"
"524","2024-09-24 11:29:58","0","","APPROVED_STAY","803","724","188"
"525","2024-09-24 11:30:05","0","","APPROVED_STAY","800","721","188"
"526","2024-09-24 11:30:07","0","","APPROVED_STAY","804","725","188"
"527","2024-09-24 11:30:07","0","","APPROVED_STAY","801","719","188"
"528","2024-09-24 11:30:08","0","","APPROVED_STAY","799","720","188"
"529","2024-09-24 11:30:57","120000","","APPROVED_SELL","807","723","188"
"530","2024-09-24 11:32:48","100000","","APPROVED_BUY","856","722","188"
"531","2024-09-24 11:32:56","125000","","APPROVED_BUY","861","723","188"
"532","2024-09-24 11:33:49","0","","APPROVED_STAY","794","731","189"
"533","2024-09-24 11:33:49","0","","APPROVED_STAY","792","726","189"
"534","2024-09-24 11:33:53","0","","APPROVED_STAY","791","728","189"
"535","2024-09-24 11:34:29","0","","APPROVED_STAY","798","733","189"
"536","2024-09-24 11:35:47","0","","APPROVED_STAY","839","729","189"
"537","2024-09-24 11:35:57","0","","APPROVED_STAY","795","730","189"
"538","2024-09-24 11:36:23","0","","APPROVED_STAY","790","732","189"
"539","2024-09-24 11:36:37","160000","","APPROVED_SELL","793","727","189"
"540","2024-09-24 11:36:39","160000","","APPROVED_SELL","793","727","189"
"541","2024-09-24 11:37:19","160000","","APPROVED_SELL","793","727","189"
"542","2024-09-24 11:37:20","160000","","APPROVED_SELL","793","727","189"
"543","2024-09-24 11:37:28","160000","","APPROVED_SELL","793","727","189"
"544","2024-09-24 11:37:31","160000","","APPROVED_SELL","793","727","189"
"545","2024-09-24 11:37:37","160000","","APPROVED_SELL","793","727","189"
"546","2024-09-24 11:37:42","160000","","APPROVED_SELL","793","727","189"
"547","2024-09-24 11:39:55","100000","","APPROVED_BUY","862","727","189"
"548","2024-09-24 11:48:39","0","","APPROVED_STAY","835","739","190"
"549","2024-09-24 11:48:39","0","","APPROVED_STAY","818","735","190"
"550","2024-09-24 11:48:43","115000","","APPROVED_SELL","817","740","190"
"551","2024-09-24 11:48:44","0","","APPROVED_STAY","812","734","190"
"552","2024-09-24 11:48:44","0","","APPROVED_STAY","814","738","190"
"553","2024-09-24 11:49:06","0","","APPROVED_STAY","816","737","190"
"554","2024-09-24 11:49:21","0","","APPROVED_STAY","811","736","190"
"555","2024-09-24 11:49:56","0","","APPROVED_STAY","810","741","190"
"556","2024-09-24 11:50:16","125000","extra flood and rain protection","APPROVED_BUY","873","740","190"
"557","2024-09-24 14:31:15","160000","","APPROVED_BUY","878","779","195"
"558","2024-09-24 14:31:17","200000","","APPROVED_BUY","875","775","195"
"559","2024-09-24 14:31:27","80000","","APPROVED_BUY","880","777","195"
"560","2024-09-24 14:31:28","200000","","APPROVED_BUY","881","776","195"
"561","2024-09-24 14:31:37","100000","","APPROVED_BUY","876","773","195"
"562","2024-09-24 14:31:39","125000","","APPROVED_BUY","882","774","195"
"563","2024-09-24 14:31:41","160000","","APPROVED_BUY","879","778","195"
"564","2024-09-24 14:35:13","160000","","APPROVED_BUY","888","784","196"
"565","2024-09-24 14:35:16","200000","","APPROVED_BUY","891","787","196"
"566","2024-09-24 14:35:17","100000","","APPROVED_BUY","886","783","196"
"567","2024-09-24 14:35:20","300000","","APPROVED_BUY","887","782","196"
"568","2024-09-24 14:35:28","70000","","APPROVED_BUY","893","781","196"
"569","2024-09-24 14:35:29","225000","t7p2 bid 225k over t7p8 bid 220","APPROVED_BUY","885","785","196"
"570","2024-09-24 14:35:35","160000","","APPROVED_BUY","889","786","196"
"571","2024-09-24 14:36:44","125000","","APPROVED_BUY","892","780","196"
"572","2024-09-24 14:38:30","100000","","APPROVED_BUY","906","798","198"
"573","2024-09-24 14:38:30","251000","","APPROVED_BUY","905","793","198"
"574","2024-09-24 14:38:30","300000","","APPROVED_BUY","907","797","198"
"575","2024-09-24 14:38:31","80000","","APPROVED_BUY","910","804","198"
"576","2024-09-24 14:38:34","70000","","APPROVED_BUY","913","796","198"
"577","2024-09-24 14:38:35","160000","","APPROVED_BUY","908","794","198"
"578","2024-09-24 14:38:50","160000","","APPROVED_BUY","909","795","198"
"579","2024-09-24 14:39:04","200000","","APPROVED_BUY","911","810","198"
"580","2024-09-24 14:44:19","200000","","REJECTED_BUY","895","801","197"
"581","2024-09-24 14:44:23","195000","","APPROVED_BUY","899","802","197"
"582","2024-09-24 14:44:23","200000","","APPROVED_BUY","901","791","197"
"583","2024-09-24 14:44:24","132000","","APPROVED_BUY","896","789","197"
"584","2024-09-24 14:44:26","80000","","APPROVED_BUY","900","799","197"
"585","2024-09-24 14:44:28","125000","","APPROVED_BUY","902","800","197"
"586","2024-09-24 14:44:40","361000","","APPROVED_BUY","897","792","197"
"587","2024-09-24 14:45:30","190000","","APPROVED_BUY","898","790","197"
"588","2024-09-24 14:46:10","80000","","REJECTED_BUY","920","818","199"
"589","2024-09-24 14:46:11","160000","","APPROVED_BUY","918","814","199"
"590","2024-09-24 14:46:12","200000","","REJECTED_BUY","915","815","199"
"591","2024-09-24 14:46:12","210000","","APPROVED_BUY","921","817","199"
"592","2024-09-24 14:46:15","125000","","APPROVED_BUY","922","813","199"
"593","2024-09-24 14:46:17","160000","","APPROVED_BUY","919","819","199"
"594","2024-09-24 14:46:21","425000","","APPROVED_BUY","914","820","199"
"595","2024-09-24 14:46:49","255000","","REJECTED_BUY","915","815","199"
"596","2024-09-24 14:47:01","100000","","APPROVED_BUY","916","816","199"
"597","2024-09-24 14:47:37","260000","","APPROVED_BUY","895","801","197"
"598","2024-09-24 14:47:39","105000","","APPROVED_BUY","920","818","199"
"599","2024-09-24 14:48:13","255000","","APPROVED_BUY","915","815","199"
"600","2024-09-24 14:52:53","0","","APPROVED_STAY","881","822","200"
"601","2024-09-24 14:52:55","0","","APPROVED_STAY","875","821","200"
"602","2024-09-24 14:52:55","125000","","APPROVED_SELL","882","823","200"
"603","2024-09-24 14:52:57","0","","APPROVED_STAY","876","825","200"
"604","2024-09-24 14:53:38","0","","APPROVED_STAY","880","824","200"
"605","2024-09-24 14:53:45","0","","APPROVED_STAY","878","834","200"
"606","2024-09-24 14:53:47","0","","APPROVED_STAY","893","829","201"
"607","2024-09-24 14:53:52","0","","APPROVED_STAY","891","830","201"
"608","2024-09-24 14:53:53","0","","APPROVED_STAY","886","827","201"
"609","2024-09-24 14:53:53","0","","APPROVED_STAY","885","833","201"
"610","2024-09-24 14:53:57","0","","APPROVED_STAY","887","828","201"
"611","2024-09-24 14:54:07","160000","","APPROVED_SELL","879","835","200"
"612","2024-09-24 14:55:14","0","","APPROVED_STAY","889","832","201"
"613","2024-09-24 14:55:16","0","","APPROVED_STAY","892","826","201"
"614","2024-09-24 14:55:19","0","","APPROVED_STAY","888","831","201"
"615","2024-09-24 14:57:26","200000","","APPROVED_BUY","924","835","200"
"616","2024-09-24 14:58:01","80000","","APPROVED_BUY","926","823","200"
"617","2024-09-24 15:05:17","0","","APPROVED_STAY","895","838","202"
"618","2024-09-24 15:05:24","0","","APPROVED_STAY","899","850","202"
"619","2024-09-24 15:05:46","0","","APPROVED_STAY","898","841","202"
"620","2024-09-24 15:05:53","0","","APPROVED_STAY","897","849","202"
"621","2024-09-24 15:05:57","0","","APPROVED_STAY","901","836","202"
"622","2024-09-24 15:06:31","0","","APPROVED_STAY","902","840","202"
"623","2024-09-24 15:07:54","0","","APPROVED_STAY","911","851","203"
"624","2024-09-24 15:07:55","0","","APPROVED_STAY","907","845","203"
"625","2024-09-24 15:08:05","0","","APPROVED_STAY","910","842","203"
"626","2024-09-24 15:08:18","0","","APPROVED_STAY","913","848","203"
"627","2024-09-24 15:08:34","0","","APPROVED_STAY","908","843","203"
"628","2024-09-24 15:09:00","80000","","APPROVED_SELL","900","839","202"
"629","2024-09-24 15:09:12","0","","APPROVED_STAY","896","837","202"
"630","2024-09-24 15:09:16","0","","APPROVED_STAY","891","855","204"
"631","2024-09-24 15:09:17","0","","APPROVED_STAY","896","837","202"
"632","2024-09-24 15:09:18","0","","APPROVED_STAY","893","854","204"
"633","2024-09-24 15:09:24","0","","APPROVED_STAY","885","859","204"
"634","2024-09-24 15:09:29","0","","APPROVED_STAY","892","857","204"
"635","2024-09-24 15:09:33","0","","APPROVED_STAY","896","837","202"
"636","2024-09-24 15:09:39","0","","APPROVED_STAY","889","853","204"
"637","2024-09-24 15:09:45","0","","APPROVED_STAY","887","852","204"
"638","2024-09-24 15:09:50","0","","APPROVED_STAY","886","858","204"
"639","2024-09-24 15:09:53","0","","APPROVED_STAY","888","856","204"
"640","2024-09-24 15:10:12","0","","APPROVED_STAY","905","847","203"
"641","2024-09-24 15:10:15","70000","","APPROVED_BUY","938","839","202"
"642","2024-09-24 15:10:37","0","","APPROVED_STAY","896","837","202"
"643","2024-09-24 15:11:59","0","","APPROVED_STAY","906","844","203"
"644","2024-09-24 15:13:25","164000","won the BID over player 2","APPROVED_SELL","909","846","203"
"645","2024-09-24 15:14:41","200000","","APPROVED_BUY","939","846","203"
"646","2024-09-24 15:15:38","0","","APPROVED_STAY","918","867","205"
"647","2024-09-24 15:15:38","0","","APPROVED_STAY","922","862","205"
"648","2024-09-24 15:15:38","0","","APPROVED_STAY","914","863","205"
"649","2024-09-24 15:15:39","0","","APPROVED_STAY","921","864","205"
"650","2024-09-24 15:15:40","0","","APPROVED_STAY","916","860","205"
"651","2024-09-24 15:15:41","0","","APPROVED_STAY","919","861","205"
"652","2024-09-24 15:15:47","0","","APPROVED_STAY","920","866","205"
"653","2024-09-24 15:15:54","0","","APPROVED_STAY","915","865","205"
"654","2024-09-24 15:16:09","0","","APPROVED_STAY","881","868","206"
"655","2024-09-24 15:16:17","0","","APPROVED_STAY","875","872","206"
"656","2024-09-24 15:16:28","0","","APPROVED_STAY","926","871","206"
"657","2024-09-24 15:16:28","0","","APPROVED_STAY","880","869","206"
"658","2024-09-24 15:16:35","0","","APPROVED_STAY","924","873","206"
"659","2024-09-24 15:16:44","0","","APPROVED_STAY","876","870","206"
"660","2024-09-24 15:17:45","160000","","APPROVED_SELL","878","874","206"
"661","2024-09-24 15:19:12","125000","","APPROVED_BUY","959","874","206"
"662","2024-09-24 15:22:52","0","","APPROVED_STAY","897","881","207"
"663","2024-09-24 15:23:32","0","","APPROVED_STAY","899","882","207"
"664","2024-09-24 15:23:47","0","","APPROVED_STAY","896","879","207"
"665","2024-09-24 15:24:03","0","","APPROVED_STAY","895","880","207"
"666","2024-09-24 15:24:21","0","","APPROVED_STAY","901","877","207"
"667","2024-09-24 15:24:22","0","","APPROVED_STAY","938","878","207"
"668","2024-09-24 15:24:30","0","","APPROVED_STAY","898","875","207"
"669","2024-09-24 15:26:06","125000","flooded area! -10K","REJECTED_SELL","902","876","207"
"670","2024-09-24 15:27:01","0","","REJECTED_STAY","902","876","207"
"671","2024-09-24 15:30:34","0","","APPROVED_STAY","910","887","208"
"672","2024-09-24 15:30:34","0","","APPROVED_STAY","907","883","208"
"673","2024-09-24 15:30:39","0","","APPROVED_STAY","905","889","208"
"674","2024-09-24 15:30:40","0","","APPROVED_STAY","908","885","208"
"675","2024-09-24 15:30:46","0","","APPROVED_STAY","913","884","208"
"676","2024-09-24 15:30:52","0","","APPROVED_STAY","911","898","208"
"677","2024-09-24 15:31:18","100000","won the BID over player 2","APPROVED_SELL","906","888","208"
"678","2024-09-24 15:32:55","0","","APPROVED_STAY","919","891","209"
"679","2024-09-24 15:32:56","0","","APPROVED_STAY","918","890","209"
"680","2024-09-24 15:32:56","0","","APPROVED_STAY","922","892","209"
"681","2024-09-24 15:32:56","0","","APPROVED_STAY","914","894","209"
"682","2024-09-24 15:32:57","0","","APPROVED_STAY","915","893","209"
"683","2024-09-24 15:32:57","0","","APPROVED_STAY","920","897","209"
"684","2024-09-24 15:32:58","0","","APPROVED_STAY","921","895","209"
"685","2024-09-24 15:32:59","0","","APPROVED_STAY","916","896","209"
"686","2024-09-24 15:33:07","200000","","APPROVED_BUY","970","888","208"
"687","2024-09-24 15:33:42","222000","won the BID over player 2","APPROVED_SELL","911","898","208"
"688","2024-09-24 15:34:37","0","","REJECTED_STAY","902","876","207"
"689","2024-09-24 15:35:30","115000","","APPROVED_SELL","902","876","207"
"690","2024-09-24 15:36:05","160000","","APPROVED_BUY","963","876","207"
"691","2024-09-24 15:36:37","222000","sold to player 2","APPROVED_SELL","911","898","208"
"692","2024-09-24 15:37:35","0","","APPROVED_STAY","939","886","208"
"693","2024-09-24 15:40:41","190000","","APPROVED_BUY","911","898","208"
"696","2024-10-02 14:47:48","100000","","REJECTED_BUY","996","923","215"
"697","2024-10-02 14:47:51","200000","","APPROVED_BUY","1001","913","215"
"698","2024-10-02 14:47:57","100000","","APPROVED_BUY","996","916","215"
"699","2024-10-02 14:47:58","70000","","APPROVED_BUY","1003","915","215"
"700","2024-10-02 14:48:05","125000","","APPROVED_BUY","1002","914","215"
"701","2024-10-02 14:48:09","80000","","APPROVED_BUY","1000","922","215"
"702","2024-10-02 14:50:06","200000","","APPROVED_BUY","1005","920","216"
"703","2024-10-02 14:50:09","100000","","REJECTED_BUY","1006","917","216"
"704","2024-10-02 14:50:21","100000","","REJECTED_BUY","1006","919","216"
"705","2024-10-02 14:50:26","300000","","APPROVED_BUY","1007","921","216"
"706","2024-10-02 14:50:31","200000","","APPROVED_BUY","995","923","215"
"707","2024-10-02 14:53:51","117000","","APPROVED_BUY","1006","917","216"
"708","2024-10-02 14:54:14","125000","","APPROVED_BUY","1012","919","216"
"709","2024-10-02 14:55:29","70000","","APPROVED_BUY","1013","918","216"
