"id","code","address","rating","original_price","damage_reduction","market_value","last_sold_price","house_satisfaction","status","fluvial_base_protection","pluvial_base_protection","fluvial_house_protection","pluvial_house_protection","last_round_comm_fluvial","last_round_comm_pluvial","last_round_house_fluvial","last_round_house_pluvial","house_id","group_id","owner_id"
"11","N01","Stickroad 17","9","425000","0","425000","425000","0","OCCUPIED","8","10","0","0","NULL","NULL","NULL","NULL","29","34","216"
"12","N04","Twiglane 8\n","6","200000","0","200000","200000","0","OCCUPIED","8","10","0","0","NULL","NULL","NULL","NULL","32","34","217"
"13","N07","Leafstreet 26\n","3","100000","0","100000","100000","0","OCCUPIED","8","10","0","0","NULL","NULL","NULL","NULL","35","34","212"
"14","D01","Stonelane 13\n","8","300000","0","300000","300000","0","OCCUPIED","6","10","0","0","NULL","NULL","NULL","NULL","36","34","215"
"15","D04","Steelstreet 22\n","5","160000","0","160000","NULL","0","AVAILABLE","6","10","0","0","NULL","NULL","NULL","NULL","39","34","NULL"
"16","D05","Steelstreet 20\n","5","160000","0","160000","160000","0","OCCUPIED","6","10","0","0","NULL","NULL","NULL","NULL","40","34","214"
"17","D10","Brickroad 6\n","2","80000","0","80000","80000","0","OCCUPIED","6","10","0","0","NULL","NULL","NULL","NULL","45","34","218"
"18","U01","Woolstreet 33\n","6","200000","0","200000","NULL","0","AVAILABLE","8","7","0","0","NULL","NULL","NULL","NULL","46","34","NULL"
"19","U04","Grassroad 54\n","4","125000","0","125000","125000","0","OCCUPIED","8","7","0","0","NULL","NULL","NULL","NULL","49","34","213"
"20","U10","Twiglane 48\n","2","70000","0","70000","70000","0","OCCUPIED","8","7","0","0","NULL","NULL","NULL","NULL","55","34","219"
"31","N01","Stickroad 17","9","425000","0","425000","425000","0","OCCUPIED","8","10","0","0","NULL","NULL","NULL","NULL","29","35","224"
"32","N04","Twiglane 8\n","6","200000","0","200000","200000","0","OCCUPIED","8","10","0","0","NULL","NULL","NULL","NULL","32","35","225"
"33","N07","Leafstreet 26\n","3","100000","0","100000","100000","0","OCCUPIED","8","10","0","0","NULL","NULL","NULL","NULL","35","35","220"
"34","D01","Stonelane 13\n","8","300000","0","300000","NULL","0","AVAILABLE","6","10","0","0","NULL","NULL","NULL","NULL","36","35","NULL"
"35","D04","Steelstreet 22\n","5","160000","0","160000","NULL","0","AVAILABLE","6","10","0","0","NULL","NULL","NULL","NULL","39","35","NULL"
"36","D05","Steelstreet 20\n","5","160000","0","160000","160000","0","OCCUPIED","6","10","0","0","NULL","NULL","NULL","NULL","40","35","222"
"37","D10","Brickroad 6\n","2","80000","0","80000","80000","0","OCCUPIED","6","10","0","0","NULL","NULL","NULL","NULL","45","35","226"
"38","U01","Woolstreet 33\n","6","200000","0","200000","200000","0","OCCUPIED","8","7","0","0","NULL","NULL","NULL","NULL","46","35","223"
"39","U04","Grassroad 54\n","4","125000","0","125000","125000","0","OCCUPIED","8","7","0","0","NULL","NULL","NULL","NULL","49","35","221"
"40","U10","Twiglane 48\n","2","70000","0","70000","NULL","0","AVAILABLE","8","7","0","0","NULL","NULL","NULL","NULL","55","35","NULL"
"41","N01","Stickroad 17","9","425000","0","425000","425000","0","OCCUPIED","8","10","0","0","NULL","NULL","NULL","NULL","29","37","241"
"42","N04","Twiglane 8\n","6","200000","0","200000","NULL","0","AVAILABLE","8","10","0","0","NULL","NULL","NULL","NULL","32","37","NULL"
"43","N07","Leafstreet 26\n","3","100000","0","100000","NULL","0","AVAILABLE","8","10","0","0","NULL","NULL","NULL","NULL","35","37","NULL"
"44","D01","Stonelane 13\n","8","300000","0","300000","300000","0","OCCUPIED","6","10","0","0","NULL","NULL","NULL","NULL","36","37","236"
"45","D04","Steelstreet 22\n","5","160000","0","160000","160000","0","OCCUPIED","6","10","0","0","NULL","NULL","NULL","NULL","39","37","238"
"46","D05","Steelstreet 20\n","5","160000","0","160000","NULL","0","AVAILABLE","6","10","0","0","NULL","NULL","NULL","NULL","40","37","NULL"
"47","D10","Brickroad 6\n","2","80000","0","80000","80000","0","OCCUPIED","6","10","0","0","NULL","NULL","NULL","NULL","45","37","237"
"48","U01","Woolstreet 33\n","6","200000","0","200000","200000","0","OCCUPIED","8","7","0","0","NULL","NULL","NULL","NULL","46","37","239"
"49","U04","Grassroad 54\n","4","125000","0","125000","125000","0","OCCUPIED","8","7","0","0","NULL","NULL","NULL","NULL","49","37","240"
"50","U10","Twiglane 48\n","2","70000","0","70000","NULL","0","AVAILABLE","8","7","0","0","NULL","NULL","NULL","NULL","55","37","NULL"
"51","N01","Stickroad 17","9","425000","0","425000","425000","0","OCCUPIED","10","8","0","0","0","0","0","0","29","38","249"
"52","N04","Twiglane 8","6","200000","0","200000","0","0","NOT_AVAILABLE","10","8","0","0","0","0","0","0","32","38","NULL"
"53","N07","Leafstreet 26","3","100000","0","100000","100000","0","OCCUPIED","10","8","0","0","0","0","0","0","35","38","245"
"54","D01","Stonelane 13","8","300000","0","300000","300000","0","NOT_AVAILABLE","10","6","0","0","0","2","0","2","36","38","NULL"
"55","D04","Steelstreet 22","5","160000","0","160000","160000","0","OCCUPIED","10","6","0","0","0","2","0","2","39","38","246"
"56","D05","Steelstreet 20","5","160000","0","160000","0","0","NOT_AVAILABLE","10","6","0","0","0","2","0","2","40","38","NULL"
"57","D10","Brickroad 6","2","80000","0","80000","0","0","NOT_AVAILABLE","10","6","0","0","0","2","0","2","45","38","NULL"
"58","U01","Woolstreet 33","6","200000","0","190000","200000","0","OCCUPIED","7","8","0","0","2","0","2","0","46","38","247"
"59","U04","Grassroad 54","4","125000","0","115000","125000","0","OCCUPIED","7","8","0","0","2","0","2","0","49","38","248"
"60","U10","Twiglane 48","2","70000","0","60000","NULL","0","NOT_AVAILABLE","7","8","0","0","2","NULL","2","NULL","55","38","NULL"
"61","N05","Twiglane 5\n\n\n","6","200000","0","200000","200000","7","OCCUPIED","10","8","11","9","NULL","NULL","NULL","NULL","33","38","244"
"62","D02","Stonelane 11\n\n","8","300000","0","300000","NULL","0","NOT_AVAILABLE","10","6","0","0","NULL","2","NULL","2","37","38","NULL"
"63","D09","Brickroad 4\n\n","2","80000","0","80000","NULL","0","NOT_AVAILABLE","10","6","0","0","NULL","2","NULL","2","44","38","NULL"
"64","U05","Grassroad 52\n\n","4","125000","0","115000","NULL","0","NOT_AVAILABLE","7","8","0","0","2","NULL","2","NULL","50","38","NULL"
"65","U09","Twiglane 44\n\n","2","70000","0","60000","NULL","0","NOT_AVAILABLE","7","8","0","0","2","NULL","2","NULL","54","38","NULL"
"66","N01","Stickroad 17","9","425000","0","425000","425000","0","OCCUPIED","10","8","0","0","NULL","NULL","NULL","NULL","29","36","233"
"67","N04","Twiglane 8\n","6","200000","0","200000","200000","0","OCCUPIED","10","8","0","0","NULL","NULL","NULL","NULL","32","36","231"
"68","N07","Leafstreet 26\n","3","100000","0","100000","100000","0","OCCUPIED","10","8","0","0","NULL","NULL","NULL","NULL","35","36","232"
"69","D01","Stonelane 13\n","8","300000","0","300000","300000","0","OCCUPIED","10","6","0","0","NULL","NULL","NULL","NULL","36","36","228"
"70","D04","Steelstreet 22\n","5","160000","0","160000","160000","0","OCCUPIED","10","6","0","0","NULL","NULL","NULL","NULL","39","36","230"
"71","D05","Steelstreet 20\n","5","160000","0","160000","NULL","0","AVAILABLE","10","6","0","0","NULL","NULL","NULL","NULL","40","36","NULL"
"72","D10","Brickroad 6\n","2","80000","0","80000","80000","0","OCCUPIED","10","6","0","0","NULL","NULL","NULL","NULL","45","36","229"
"73","U01","Woolstreet 33\n","6","200000","0","200000","200000","4","OCCUPIED","7","8","8","8","NULL","NULL","NULL","NULL","46","36","234"
"74","U04","Grassroad 54\n","4","125000","0","125000","NULL","0","AVAILABLE","7","8","0","0","NULL","NULL","NULL","NULL","49","36","NULL"
"75","U10","Twiglane 48\n","2","70000","0","70000","70000","0","OCCUPIED","7","8","0","0","NULL","NULL","NULL","NULL","55","36","235"
"76","N06","Leafstreet 28\n\n","3","100000","0","100000","NULL","0","AVAILABLE","10","8","1","1","NULL","NULL","NULL","NULL","34","38","NULL"
"77","D03","Stonelane 15\n\n","8","300000","0","300000","NULL","0","AVAILABLE","10","6","0","0","NULL","NULL","NULL","NULL","38","38","NULL"
"78","D06","Steelstreet 25\n\n","5","160000","0","160000","NULL","0","AVAILABLE","10","6","0","1","NULL","NULL","NULL","NULL","41","38","NULL"
"79","U02","Woolstreet 37\n\n","6","200000","0","200000","NULL","0","AVAILABLE","7","8","1","0","NULL","NULL","NULL","NULL","47","38","NULL"
"80","U06","Grassroad 51\n\n","4","125000","0","125000","NULL","0","AVAILABLE","7","8","1","1","NULL","NULL","NULL","NULL","51","38","NULL"
"81","N01","Stickroad 17","9","425000","0","425000","NULL","0","NOT_AVAILABLE","10","8","0","0","NULL","2","NULL","2","29","27","NULL"
"82","N04","Twiglane 8\n","6","200000","0","200000","NULL","0","NOT_AVAILABLE","10","8","0","0","NULL","2","NULL","2","32","27","NULL"
"83","N07","Leafstreet 26\n","3","100000","0","100000","NULL","0","NOT_AVAILABLE","10","8","0","0","NULL","2","NULL","2","35","27","NULL"
"84","D01","Stonelane 13\n","8","300000","0","300000","NULL","0","NOT_AVAILABLE","10","6","0","0","NULL","2","NULL","2","36","27","NULL"
"85","D04","Steelstreet 22\n","5","160000","0","160000","NULL","0","NOT_AVAILABLE","10","6","0","0","NULL","2","NULL","2","39","27","NULL"
"86","D05","Steelstreet 20\n","5","160000","0","160000","NULL","0","NOT_AVAILABLE","10","6","0","0","NULL","2","NULL","2","40","27","NULL"
"87","D10","Brickroad 6\n","2","80000","0","80000","NULL","0","NOT_AVAILABLE","10","6","0","0","NULL","2","NULL","2","45","27","NULL"
"88","U01","Woolstreet 33\n","6","200000","0","200000","NULL","0","NOT_AVAILABLE","7","8","0","0","NULL","2","NULL","2","46","27","NULL"
"89","U04","Grassroad 54\n","4","125000","0","125000","125000","0","NOT_AVAILABLE","7","8","0","0","NULL","2","NULL","2","49","27","NULL"
"90","U10","Twiglane 48\n","2","70000","0","70000","NULL","0","NOT_AVAILABLE","7","8","0","0","NULL","2","NULL","2","55","27","NULL"
"91","N05","Twiglane 5\n\n\n","6","200000","0","200000","NULL","0","NOT_AVAILABLE","10","8","0","0","NULL","2","NULL","2","33","27","NULL"
"92","D02","Stonelane 11\n\n","8","300000","0","300000","NULL","0","NOT_AVAILABLE","10","6","0","0","NULL","2","NULL","2","37","27","NULL"
"93","D09","Brickroad 4\n\n","2","80000","0","80000","80000","1","OCCUPIED","10","6","11","7","NULL","2","NULL","NULL","44","27","156"
"94","U05","Grassroad 52\n\n","4","125000","0","125000","NULL","0","NOT_AVAILABLE","7","8","0","0","NULL","2","NULL","2","50","27","NULL"
"95","U09","Twiglane 44\n\n","2","70000","0","70000","NULL","0","NOT_AVAILABLE","7","8","0","0","NULL","2","NULL","2","54","27","NULL"
"96","N06","Leafstreet 28\n\n","3","100000","0","100000","NULL","0","NOT_AVAILABLE","10","8","1","1","NULL","NULL","NULL","NULL","34","27","NULL"
"97","D03","Stonelane 15\n\n","8","300000","0","300000","NULL","0","NOT_AVAILABLE","10","6","0","0","NULL","NULL","NULL","NULL","38","27","NULL"
"98","D06","Steelstreet 25\n\n","5","160000","0","160000","NULL","0","NOT_AVAILABLE","10","6","0","1","NULL","NULL","NULL","NULL","41","27","NULL"
"99","U02","Woolstreet 37\n\n","6","200000","0","200000","NULL","0","NOT_AVAILABLE","7","8","1","0","NULL","NULL","NULL","NULL","47","27","NULL"
"100","U06","Grassroad 51\n\n","4","125000","0","125000","NULL","0","NOT_AVAILABLE","7","8","1","1","NULL","NULL","NULL","NULL","51","27","NULL"
"101","N01","Stickroad 17","9","425000","0","425000","NULL","0","NOT_AVAILABLE","10","8","0","0","NULL","1","NULL","1","29","28","NULL"
"102","N04","Twiglane 8\n","6","200000","0","200000","NULL","0","NOT_AVAILABLE","10","8","0","0","NULL","1","NULL","1","32","28","NULL"
"103","N07","Leafstreet 26\n","3","100000","0","100000","100000","0","OCCUPIED","10","8","11","9","NULL","1","NULL","1","35","28","164"
"104","D01","Stonelane 13\n","8","300000","0","300000","NULL","0","NOT_AVAILABLE","10","6","0","0","NULL","1","NULL","1","36","28","NULL"
"105","D04","Steelstreet 22\n","5","160000","0","160000","NULL","0","NOT_AVAILABLE","10","6","0","0","NULL","1","NULL","1","39","28","NULL"
"106","D05","Steelstreet 20\n","5","160000","0","160000","NULL","0","NOT_AVAILABLE","10","6","0","0","NULL","1","NULL","1","40","28","NULL"
"107","D10","Brickroad 6\n","2","80000","0","80000","NULL","0","NOT_AVAILABLE","10","6","0","0","NULL","1","NULL","1","45","28","NULL"
"108","U01","Woolstreet 33\n","6","200000","0","200000","NULL","0","NOT_AVAILABLE","7","8","0","0","NULL","1","NULL","1","46","28","NULL"
"109","U04","Grassroad 54\n","4","125000","0","125000","NULL","0","NOT_AVAILABLE","7","8","0","0","NULL","1","NULL","1","49","28","NULL"
"110","U10","Twiglane 48\n","2","70000","0","70000","NULL","0","NOT_AVAILABLE","7","8","0","0","NULL","1","NULL","1","55","28","NULL"
"111","N05","Twiglane 5\n\n\n","6","200000","0","200000","NULL","0","AVAILABLE","10","8","0","0","NULL","NULL","NULL","NULL","33","28","NULL"
"112","D02","Stonelane 11\n\n","8","300000","0","300000","NULL","0","AVAILABLE","10","6","0","0","NULL","NULL","NULL","NULL","37","28","NULL"
"113","D09","Brickroad 4\n\n","2","80000","0","80000","NULL","0","AVAILABLE","10","6","0","0","NULL","NULL","NULL","NULL","44","28","NULL"
"114","U05","Grassroad 52\n\n","4","125000","0","125000","NULL","0","AVAILABLE","7","8","0","0","NULL","NULL","NULL","NULL","50","28","NULL"
"115","U09","Twiglane 44\n\n","2","70000","0","70000","NULL","0","AVAILABLE","7","8","0","0","NULL","NULL","NULL","NULL","54","28","NULL"
"116","N03","Stickroad 21\n\n","9","425000","0","425000","NULL","1","AVAILABLE","10","8","2","0","NULL","NULL","NULL","NULL","31","27","NULL"
"117","D07","Steelstreet 23\n\n","5","160000","0","160000","NULL","2","AVAILABLE","10","6","1","2","NULL","NULL","NULL","NULL","42","27","NULL"
"118","D08","Brickroad 8\n\n","2","80000","0","80000","NULL","5","AVAILABLE","10","6","2","2","NULL","NULL","NULL","NULL","43","27","NULL"
"119","U03","Woolstreet 35\n\n","6","200000","0","200000","NULL","2","AVAILABLE","7","8","1","1","NULL","NULL","NULL","NULL","48","27","NULL"
"120","U08","Twiglane 46\n\n","2","70000","0","70000","NULL","3","AVAILABLE","7","8","2","1","NULL","NULL","NULL","NULL","53","27","NULL"
"121","N01","Stickroad 17","9","425000","0","425000","NULL","0","AVAILABLE","10","8","0","0","1","1","1","1","29","29","NULL"
"122","N04","Twiglane 8\n","6","200000","0","200000","NULL","0","AVAILABLE","10","8","0","0","1","1","1","1","32","29","NULL"
"123","N07","Leafstreet 26\n","3","100000","0","100000","100000","0","OCCUPIED","10","8","0","0","1","1","1","1","35","29","172"
"124","D01","Stonelane 13\n","8","300000","0","300000","NULL","0","AVAILABLE","10","6","0","0","1","1","1","1","36","29","NULL"
"125","D04","Steelstreet 22\n","5","160000","0","160000","NULL","0","AVAILABLE","10","6","0","0","1","1","1","1","39","29","NULL"
"126","D05","Steelstreet 20\n","5","160000","0","160000","NULL","0","AVAILABLE","10","6","0","0","1","1","1","1","40","29","NULL"
"127","D10","Brickroad 6\n","2","80000","0","80000","NULL","0","AVAILABLE","10","6","0","0","1","1","1","1","45","29","NULL"
"128","U01","Woolstreet 33\n","6","200000","0","200000","NULL","0","AVAILABLE","7","8","0","0","1","1","1","1","46","29","NULL"
"129","U04","Grassroad 54\n","4","125000","0","125000","NULL","0","AVAILABLE","7","8","0","0","1","1","1","1","49","29","NULL"
"130","U10","Twiglane 48\n","2","70000","0","70000","NULL","0","AVAILABLE","7","8","0","0","1","1","1","1","55","29","NULL"
"146","N01","Stickroad 17","9","425000","0","420000","NULL","0","NOT_AVAILABLE","10","8","0","0","1","2","1","2","29","33","NULL"
"147","N04","Twiglane 8\n","6","200000","0","195000","NULL","0","NOT_AVAILABLE","10","8","0","0","1","2","1","2","32","33","NULL"
"148","N07","Leafstreet 26\n","3","100000","0","95000","100000","0","OCCUPIED","10","8","0","0","1","2","1","2","35","33","204"
"149","D01","Stonelane 13\n","8","300000","0","300000","NULL","0","NOT_AVAILABLE","10","6","0","0","1","2","1","2","36","33","NULL"
"150","D04","Steelstreet 22\n","5","160000","0","160000","NULL","0","NOT_AVAILABLE","10","6","0","0","1","2","1","2","39","33","NULL"
"151","D05","Steelstreet 20\n","5","160000","0","160000","NULL","0","NOT_AVAILABLE","10","6","0","0","1","2","1","2","40","33","NULL"
"152","D10","Brickroad 6\n","2","80000","0","80000","NULL","0","NOT_AVAILABLE","10","6","0","0","1","2","1","2","45","33","NULL"
"153","U01","Woolstreet 33\n","6","200000","0","200000","NULL","0","NOT_AVAILABLE","7","8","0","0","2","2","2","2","46","33","NULL"
"154","U04","Grassroad 54\n","4","125000","0","125000","NULL","0","NOT_AVAILABLE","7","8","0","0","2","2","2","2","49","33","NULL"
"155","U10","Twiglane 48\n","2","70000","0","70000","NULL","0","NOT_AVAILABLE","7","8","0","0","2","2","2","2","55","33","NULL"
"156","N05","Twiglane 5\n\n\n","6","200000","0","200000","NULL","0","NOT_AVAILABLE","10","8","0","0","NULL","2","NULL","2","33","33","NULL"
"157","D02","Stonelane 11\n\n","8","300000","0","300000","NULL","0","NOT_AVAILABLE","10","6","0","0","NULL","2","NULL","2","37","33","NULL"
"158","D09","Brickroad 4\n\n","2","80000","0","80000","NULL","0","NOT_AVAILABLE","10","6","0","0","NULL","2","NULL","2","44","33","NULL"
"159","U05","Grassroad 52\n\n","4","125000","0","125000","NULL","0","NOT_AVAILABLE","7","8","0","0","2","2","2","2","50","33","NULL"
"160","U09","Twiglane 44\n\n","2","70000","0","70000","NULL","0","NOT_AVAILABLE","7","8","0","0","2","2","2","2","54","33","NULL"
"161","N06","Leafstreet 28\n\n","3","100000","0","100000","NULL","0","AVAILABLE","10","8","1","1","NULL","NULL","NULL","NULL","34","33","NULL"
"162","D03","Stonelane 15\n\n","8","300000","0","300000","NULL","0","AVAILABLE","10","6","0","0","NULL","NULL","NULL","NULL","38","33","NULL"
"163","D06","Steelstreet 25\n\n","5","160000","0","160000","NULL","0","AVAILABLE","10","6","0","1","NULL","NULL","NULL","NULL","41","33","NULL"
"164","U02","Woolstreet 37\n\n","6","200000","0","200000","NULL","0","AVAILABLE","7","8","1","0","NULL","NULL","NULL","NULL","47","33","NULL"
"165","U06","Grassroad 51\n\n","4","125000","0","125000","NULL","0","AVAILABLE","7","8","1","1","NULL","NULL","NULL","NULL","51","33","NULL"
"216","N01","Stickroad 17","9","425000","0","425000","425000","4","OCCUPIED","10","8","11","9","NULL","3","NULL","1","29","50","341"
"217","N04","Twiglane 8\n","6","200000","0","200000","200000","3","OCCUPIED","10","8","10","9","NULL","3","NULL","1","32","50","342"
"218","N07","Leafstreet 26\n","3","100000","0","100000","100000","3","OCCUPIED","10","8","11","9","NULL","3","NULL","1","35","50","343"
"219","D01","Stonelane 13\n","8","300000","0","300000","300000","0","NOT_AVAILABLE","10","6","0","0","NULL","3","NULL","3","36","50","NULL"
"220","D04","Steelstreet 22\n","5","160000","0","160000","NULL","0","NOT_AVAILABLE","10","6","0","0","NULL","3","NULL","3","39","50","NULL"
"221","D05","Steelstreet 20\n","5","160000","0","160000","NULL","0","NOT_AVAILABLE","10","6","0","0","NULL","3","NULL","3","40","50","NULL"
"222","D10","Brickroad 6\n","2","80000","0","80000","NULL","0","NOT_AVAILABLE","10","6","0","0","NULL","3","NULL","3","45","50","NULL"
"223","U01","Woolstreet 33\n","6","200000","0","190000","NULL","0","NOT_AVAILABLE","7","8","0","0","4","3","4","3","46","50","NULL"
"224","U04","Grassroad 54\n","4","125000","0","115000","115000","0","NOT_AVAILABLE","7","8","0","0","4","3","4","3","49","50","NULL"
"225","U10","Twiglane 48\n","2","70000","0","60000","70000","0","OCCUPIED","7","8","0","0","4","3","4","3","55","50","340"
"226","N01","Stickroad 17","9","425000","0","425000","NULL","0","NOT_AVAILABLE","10","8","0","0","NULL","3","NULL","3","29","51","NULL"
"227","N04","Twiglane 8\n","6","200000","0","200000","NULL","0","NOT_AVAILABLE","10","8","0","0","NULL","3","NULL","3","32","51","NULL"
"228","N07","Leafstreet 26\n","3","100000","0","100000","NULL","0","NOT_AVAILABLE","10","8","0","0","NULL","3","NULL","3","35","51","NULL"
"229","D01","Stonelane 13\n","8","300000","0","300000","300000","7","OCCUPIED","10","6","11","7","NULL","4","NULL","3","36","51","349"
"230","D04","Steelstreet 22\n","5","160000","0","160000","160000","0","NOT_AVAILABLE","10","6","0","0","NULL","4","NULL","4","39","51","NULL"
"231","D05","Steelstreet 20\n","5","160000","0","160000","160000","5","OCCUPIED","10","6","11","7","NULL","4","NULL","3","40","51","350"
"232","D10","Brickroad 6\n","2","80000","0","80000","80000","0","OCCUPIED","10","6","11","6","NULL","4","NULL","4","45","51","348"
"233","U01","Woolstreet 33\n","6","200000","0","200000","NULL","0","NOT_AVAILABLE","7","8","0","0","NULL","3","NULL","3","46","51","NULL"
"234","U04","Grassroad 54\n","4","125000","0","125000","125000","5","OCCUPIED","7","8","9","9","NULL","3","NULL","3","49","51","353"
"235","U10","Twiglane 48\n","2","70000","0","70000","70000","2","OCCUPIED","7","8","8","9","NULL","3","NULL","3","55","51","352"
"236","N05","Twiglane 5\n\n\n","6","200000","0","200000","NULL","0","NOT_AVAILABLE","10","8","0","0","NULL","3","NULL","3","33","50","NULL"
"237","D02","Stonelane 11\n\n","8","300000","0","300000","NULL","0","NOT_AVAILABLE","10","6","0","0","NULL","3","NULL","3","37","50","NULL"
"238","D09","Brickroad 4\n\n","2","80000","0","80000","NULL","0","NOT_AVAILABLE","10","6","0","0","NULL","3","NULL","3","44","50","NULL"
"239","U05","Grassroad 52\n\n","4","125000","0","115000","NULL","0","NOT_AVAILABLE","7","8","0","0","4","3","4","3","50","50","NULL"
"240","U09","Twiglane 44\n\n","2","70000","0","60000","NULL","0","NOT_AVAILABLE","7","8","0","0","4","3","4","3","54","50","NULL"
"241","N05","Twiglane 5\n\n\n","6","200000","0","200000","NULL","0","NOT_AVAILABLE","10","8","0","0","NULL","3","NULL","3","33","51","NULL"
"242","D02","Stonelane 11\n\n","8","300000","0","300000","NULL","0","NOT_AVAILABLE","10","6","0","0","NULL","4","NULL","4","37","51","NULL"
"243","D09","Brickroad 4\n\n","2","80000","0","80000","NULL","0","NOT_AVAILABLE","10","6","0","0","NULL","4","NULL","4","44","51","NULL"
"244","U05","Grassroad 52\n\n","4","125000","0","125000","125000","3","OCCUPIED","7","8","8","9","NULL","3","NULL","NULL","50","51","351"
"245","U09","Twiglane 44\n\n","2","70000","0","70000","NULL","0","NOT_AVAILABLE","7","8","0","0","NULL","3","NULL","3","54","51","NULL"
"246","N06","Leafstreet 28\n\n","3","100000","0","100000","100000","0","AVAILABLE","10","8","1","0","NULL","3","NULL","3","34","50","NULL"
"247","D03","Stonelane 15\n\n","8","300000","0","300000","NULL","0","NOT_AVAILABLE","10","6","0","0","NULL","3","NULL","3","38","50","NULL"
"248","D06","Steelstreet 25\n\n","5","160000","0","160000","160000","4","OCCUPIED","10","6","11","7","NULL","3","NULL","NULL","41","50","345"
"249","U02","Woolstreet 37\n\n","6","200000","0","190000","NULL","0","NOT_AVAILABLE","7","8","1","0","4","3","4","3","47","50","NULL"
"250","U06","Grassroad 51\n\n","4","125000","0","115000","NULL","0","NOT_AVAILABLE","7","8","1","0","4","3","4","3","51","50","NULL"
"251","N06","Leafstreet 28\n\n","3","100000","0","100000","NULL","0","NOT_AVAILABLE","10","8","1","0","NULL","3","NULL","3","34","51","NULL"
"252","D03","Stonelane 15\n\n","8","300000","0","300000","NULL","0","NOT_AVAILABLE","10","6","0","0","NULL","4","NULL","4","38","51","NULL"
"253","D06","Steelstreet 25\n\n","5","160000","0","160000","NULL","0","NOT_AVAILABLE","10","6","0","1","NULL","4","NULL","4","41","51","NULL"
"254","U02","Woolstreet 37\n\n","6","200000","0","200000","NULL","0","NOT_AVAILABLE","7","8","1","0","NULL","3","NULL","3","47","51","NULL"
"255","U06","Grassroad 51\n\n","4","125000","0","125000","NULL","0","NOT_AVAILABLE","7","8","1","0","NULL","3","NULL","3","51","51","NULL"
"256","N03","Stickroad 21\n\n","9","425000","0","425000","NULL","1","AVAILABLE","10","8","1","1","NULL","NULL","NULL","NULL","31","51","NULL"
"257","D07","Steelstreet 23\n\n","5","160000","0","160000","NULL","2","AVAILABLE","10","6","2","2","NULL","4","NULL","NULL","42","51","NULL"
"258","D08","Brickroad 8\n\n","2","80000","0","80000","NULL","5","AVAILABLE","10","6","2","2","NULL","4","NULL","NULL","43","51","NULL"
"259","U03","Woolstreet 35\n\n","6","200000","0","200000","NULL","2","AVAILABLE","7","8","1","1","NULL","NULL","NULL","NULL","48","51","NULL"
"260","U08","Twiglane 46\n\n","2","70000","0","70000","NULL","3","AVAILABLE","7","8","2","1","NULL","NULL","NULL","NULL","53","51","NULL"
"261","N03","Stickroad 21\n\n","9","425000","0","425000","NULL","1","AVAILABLE","10","8","1","1","NULL","NULL","NULL","NULL","31","50","NULL"
"262","D07","Steelstreet 23\n\n","5","160000","0","160000","NULL","2","AVAILABLE","10","6","2","2","NULL","NULL","NULL","NULL","42","50","NULL"
"263","D08","Brickroad 8\n\n","2","80000","0","80000","NULL","5","AVAILABLE","10","6","2","2","NULL","NULL","NULL","NULL","43","50","NULL"
"264","U03","Woolstreet 35\n\n","6","200000","0","190000","NULL","2","AVAILABLE","7","8","1","1","4","NULL","4","NULL","48","50","NULL"
"265","U08","Twiglane 46\n\n","2","70000","0","60000","70000","3","OCCUPIED","7","8","2","1","4","NULL","4","NULL","53","50","344"
"371","N01","Stickroad 17","9","425000","0","425000","NULL","0","AVAILABLE","10","8","0","0","NULL","NULL","NULL","NULL","29","43","NULL"
"372","N04","Twiglane 8\n","6","200000","0","200000","NULL","0","AVAILABLE","10","8","0","0","NULL","NULL","NULL","NULL","32","43","NULL"
"373","N07","Leafstreet 26\n","3","100000","0","100000","NULL","0","AVAILABLE","10","8","0","0","NULL","NULL","NULL","NULL","35","43","NULL"
"374","D01","Stonelane 13\n","8","300000","0","300000","300000","0","OCCUPIED","10","6","0","0","NULL","NULL","NULL","NULL","36","43","284"
"375","D04","Steelstreet 22\n","5","160000","0","160000","NULL","0","AVAILABLE","10","6","0","0","NULL","NULL","NULL","NULL","39","43","NULL"
"376","D05","Steelstreet 20\n","5","160000","0","160000","NULL","0","AVAILABLE","10","6","0","0","NULL","NULL","NULL","NULL","40","43","NULL"
"377","D10","Brickroad 6\n","2","80000","0","80000","NULL","0","AVAILABLE","10","6","0","0","NULL","NULL","NULL","NULL","45","43","NULL"
"378","U01","Woolstreet 33\n","6","200000","0","200000","NULL","0","AVAILABLE","7","8","0","0","NULL","NULL","NULL","NULL","46","43","NULL"
"379","U04","Grassroad 54\n","4","125000","0","125000","NULL","0","AVAILABLE","7","8","0","0","NULL","NULL","NULL","NULL","49","43","NULL"
"380","U10","Twiglane 48\n","2","70000","0","70000","NULL","0","AVAILABLE","7","8","0","0","NULL","NULL","NULL","NULL","55","43","NULL"
"381","N01","Stickroad 17","9","425000","0","425000","NULL","0","AVAILABLE","10","8","0","0","NULL","1","NULL","1","29","40","NULL"
"382","N04","Twiglane 8\n","6","200000","0","200000","NULL","0","AVAILABLE","10","8","0","0","NULL","1","NULL","1","32","40","NULL"
"383","N07","Leafstreet 26\n","3","100000","0","100000","NULL","0","AVAILABLE","10","8","0","0","NULL","1","NULL","1","35","40","NULL"
"384","D01","Stonelane 13\n","8","300000","0","300000","NULL","0","AVAILABLE","10","6","0","0","NULL","1","NULL","1","36","40","NULL"
"385","D04","Steelstreet 22\n","5","160000","0","160000","NULL","0","AVAILABLE","10","6","0","0","NULL","1","NULL","1","39","40","NULL"
"386","D05","Steelstreet 20\n","5","160000","0","160000","NULL","0","AVAILABLE","10","6","0","0","NULL","1","NULL","1","40","40","NULL"
"387","D10","Brickroad 6\n","2","80000","0","80000","NULL","0","AVAILABLE","10","6","0","0","NULL","1","NULL","1","45","40","NULL"
"388","U01","Woolstreet 33\n","6","200000","0","200000","NULL","0","AVAILABLE","7","8","0","0","1","1","1","1","46","40","NULL"
"389","U04","Grassroad 54\n","4","125000","0","125000","NULL","0","AVAILABLE","7","8","0","0","1","1","1","1","49","40","NULL"
"390","U10","Twiglane 48\n","2","70000","0","70000","70000","0","OCCUPIED","7","8","0","0","1","1","1","1","55","40","260"
"391","N01","Stickroad 17","9","425000","0","420000","NULL","0","NOT_AVAILABLE","10","8","0","0","3","NULL","3","NULL","29","41","NULL"
"392","N04","Twiglane 8\n","6","200000","0","195000","NULL","0","NOT_AVAILABLE","10","8","0","0","3","NULL","3","NULL","32","41","NULL"
"393","N07","Leafstreet 26\n","3","100000","0","95000","90000","1","AVAILABLE","10","8","10","9","3","NULL","NULL","NULL","35","41","NULL"
"394","D01","Stonelane 13\n","8","300000","0","300000","300000","3","AVAILABLE","10","6","10","7","NULL","NULL","NULL","NULL","36","41","NULL"
"395","D04","Steelstreet 22\n","5","160000","0","160000","NULL","0","NOT_AVAILABLE","10","6","0","0","NULL","NULL","NULL","NULL","39","41","NULL"
"396","D05","Steelstreet 20\n","5","160000","0","160000","NULL","0","NOT_AVAILABLE","10","6","0","0","NULL","NULL","NULL","NULL","40","41","NULL"
"397","D10","Brickroad 6\n","2","80000","0","80000","80000","4","OCCUPIED","10","6","11","6","NULL","NULL","NULL","NULL","45","41","273"
"398","U01","Woolstreet 33\n","6","200000","0","200000","NULL","0","NOT_AVAILABLE","7","8","0","0","3","NULL","3","NULL","46","41","NULL"
"399","U04","Grassroad 54\n","4","125000","0","125000","NULL","0","NOT_AVAILABLE","7","8","0","0","3","NULL","3","NULL","49","41","NULL"
"400","U10","Twiglane 48\n","2","70000","0","70000","119000","0","NOT_AVAILABLE","7","8","8","8","3","NULL","3","NULL","55","41","NULL"
"401","N05","Twiglane 5\n\n\n","6","200000","0","195000","NULL","0","NOT_AVAILABLE","10","8","0","0","3","NULL","3","NULL","33","41","NULL"
"402","D02","Stonelane 11\n\n","8","300000","0","300000","NULL","0","NOT_AVAILABLE","10","6","0","0","NULL","NULL","NULL","NULL","37","41","NULL"
"403","D09","Brickroad 4\n\n","2","80000","0","80000","NULL","0","NOT_AVAILABLE","10","6","0","0","NULL","NULL","NULL","NULL","44","41","NULL"
"404","U05","Grassroad 52\n\n","4","125000","0","125000","NULL","0","NOT_AVAILABLE","7","8","0","0","3","NULL","3","NULL","50","41","NULL"
"405","U09","Twiglane 44\n\n","2","70000","0","70000","NULL","0","NOT_AVAILABLE","7","8","0","0","3","NULL","3","NULL","54","41","NULL"
"406","N06","Leafstreet 28\n\n","3","100000","0","95000","100000","3","OCCUPIED","10","8","12","9","3","NULL","NULL","NULL","34","41","271"
"407","D03","Stonelane 15\n\n","8","300000","0","300000","NULL","0","NOT_AVAILABLE","10","6","0","0","NULL","NULL","NULL","NULL","38","41","NULL"
"408","D06","Steelstreet 25\n\n","5","160000","0","160000","NULL","0","NOT_AVAILABLE","10","6","0","1","NULL","NULL","NULL","NULL","41","41","NULL"
"409","U02","Woolstreet 37\n\n","6","200000","0","200000","NULL","0","NOT_AVAILABLE","7","8","1","0","3","NULL","3","NULL","47","41","NULL"
"410","U06","Grassroad 51\n\n","4","125000","0","125000","NULL","0","NOT_AVAILABLE","7","8","1","0","3","NULL","3","NULL","51","41","NULL"
"411","N03","Stickroad 21\n\n","9","425000","0","425000","425000","3","OCCUPIED","10","8","10","9","NULL","NULL","NULL","NULL","31","41","272"
"412","D07","Steelstreet 23\n\n","5","160000","0","160000","160000","2","OCCUPIED","10","6","2","2","NULL","NULL","NULL","NULL","42","41","274"
"413","D08","Brickroad 8\n\n","2","80000","0","80000","NULL","5","AVAILABLE","10","6","2","2","NULL","NULL","NULL","NULL","43","41","NULL"
"414","U03","Woolstreet 35\n\n","6","200000","0","200000","NULL","2","AVAILABLE","7","8","1","1","NULL","NULL","NULL","NULL","48","41","NULL"
"415","U08","Twiglane 46\n\n","2","70000","0","70000","NULL","3","AVAILABLE","7","8","2","1","NULL","NULL","NULL","NULL","53","41","NULL"
"461","N01","Stickroad 17","9","425000","0","423000","425000","4","OCCUPIED","10","8","12","9","2","4","NULL","2","110","58","407"
"462","N04","Twiglane 8\n","6","200000","0","198000","200000","1","OCCUPIED","10","8","11","8","2","4","NULL","NULL","113","58","405"
"463","N07","Leafstreet 26\n","3","100000","0","98000","110000","1","OCCUPIED","10","8","11","8","2","4","NULL","NULL","116","58","410"
"464","D01","Stonelane 13\n","8","300000","0","298000","290000","0","NOT_AVAILABLE","10","6","0","0","2","4","2","4","117","58","NULL"
"465","D04","Steelstreet 22\n","5","160000","0","158000","NULL","0","NOT_AVAILABLE","10","6","0","0","2","4","2","4","120","58","NULL"
"466","D05","Steelstreet 20\n","5","160000","0","158000","150000","0","NOT_AVAILABLE","10","6","0","0","2","4","2","4","121","58","NULL"
"467","D10","Brickroad 6\n","2","80000","0","78000","80000","1","OCCUPIED","10","6","11","7","2","4","NULL","4","126","58","404"
"468","U01","Woolstreet 33\n","6","200000","0","190000","NULL","0","NOT_AVAILABLE","7","8","0","0","4","4","4","4","127","58","NULL"
"469","U04","Grassroad 54\n","4","125000","0","115000","NULL","0","NOT_AVAILABLE","7","8","0","0","4","4","4","4","130","58","NULL"
"470","U10","Twiglane 48\n","2","70000","0","60000","70000","0","OCCUPIED","7","8","0","0","4","4","4","4","136","58","406"
"471","N01","Stickroad 17","9","425000","0","423000","NULL","0","NOT_AVAILABLE","10","8","0","0","2","1","2","1","110","61","NULL"
"472","N04","Twiglane 8\n","6","200000","0","198000","200000","1","OCCUPIED","10","8","11","8","2","1","2","NULL","113","61","429"
"473","N07","Leafstreet 26\n","3","100000","0","98000","NULL","0","NOT_AVAILABLE","10","8","0","0","2","1","2","1","116","61","NULL"
"474","D01","Stonelane 13\n","8","300000","0","298000","306000","7","OCCUPIED","10","6","11","7","2","1","NULL","1","117","61","431"
"475","D04","Steelstreet 22\n","5","160000","0","158000","155000","0","AVAILABLE","10","6","10","7","2","1","2","1","120","61","NULL"
"476","D05","Steelstreet 20\n","5","160000","0","158000","160000","7","OCCUPIED","10","6","11","6","2","1","NULL","1","121","61","433"
"477","D10","Brickroad 6\n","2","80000","0","78000","70000","0","OCCUPIED","10","6","10","7","2","1","2","1","126","61","430"
"478","U01","Woolstreet 33\n","6","200000","0","190000","NULL","0","NOT_AVAILABLE","7","8","0","0","4","1","4","1","127","61","NULL"
"479","U04","Grassroad 54\n","4","125000","0","115000","NULL","0","NOT_AVAILABLE","7","8","0","0","4","1","4","1","130","61","NULL"
"480","U10","Twiglane 48\n","2","70000","0","60000","60000","0","NOT_AVAILABLE","7","8","8","9","4","1","2","1","136","61","NULL"
"491","N01","Stickroad 17","9","425000","0","415000","NULL","0","NOT_AVAILABLE","10","8","0","0","4","4","4","4","110","60","NULL"
"492","N04","Twiglane 8\n","6","200000","0","190000","200000","1","OCCUPIED","10","8","11","8","4","4","4","3","113","60","421"
"493","N07","Leafstreet 26\n","3","100000","0","90000","138000","3","OCCUPIED","10","8","10","9","4","4","4","3","116","60","425"
"494","D01","Stonelane 13\n","8","300000","0","290000","NULL","0","NOT_AVAILABLE","10","6","0","0","4","4","4","4","117","60","NULL"
"495","D04","Steelstreet 22\n","5","160000","0","150000","160000","2","NOT_AVAILABLE","10","6","10","7","4","4","4","4","120","60","NULL"
"496","D05","Steelstreet 20\n","5","160000","0","150000","160000","0","NOT_AVAILABLE","10","6","0","0","4","4","4","4","121","60","NULL"
"497","D10","Brickroad 6\n","2","80000","0","70000","80000","0","OCCUPIED","10","6","10","7","4","4","4","4","126","60","422"
"498","U01","Woolstreet 33\n","6","200000","0","190000","NULL","0","NOT_AVAILABLE","7","8","0","0","4","4","4","4","127","60","NULL"
"499","U04","Grassroad 54\n","4","125000","0","115000","60000","1","OCCUPIED","7","8","8","9","4","4","4","3","130","60","426"
"500","U10","Twiglane 48\n","2","70000","0","60000","70000","2","NOT_AVAILABLE","7","8","7","9","4","4","4","3","136","60","NULL"
"501","N01","Stickroad 17","9","425000","0","415000","NULL","0","NOT_AVAILABLE","10","8","0","0","4","4","4","4","110","56","NULL"
"502","N04","Twiglane 8\n","6","200000","0","190000","300000","7","OCCUPIED","10","8","11","9","4","4","NULL","NULL","113","56","391"
"503","N07","Leafstreet 26\n","3","100000","0","90000","100000","5","OCCUPIED","10","8","11","8","4","4","NULL","4","116","56","389"
"504","D01","Stonelane 13\n","8","300000","0","290000","NULL","0","NOT_AVAILABLE","10","6","0","0","4","4","4","4","117","56","NULL"
"505","D04","Steelstreet 22\n","5","160000","0","150000","160000","5","OCCUPIED","10","6","10","7","4","4","NULL","4","120","56","393"
"506","D05","Steelstreet 20\n","5","160000","0","150000","160000","0","OCCUPIED","10","6","11","6","4","4","NULL","4","121","56","392"
"507","D10","Brickroad 6\n","2","80000","0","70000","80000","3","OCCUPIED","10","6","11","7","4","4","NULL","4","126","56","388"
"508","U01","Woolstreet 33\n","6","200000","0","190000","NULL","0","NOT_AVAILABLE","7","8","0","0","4","4","4","4","127","56","NULL"
"509","U04","Grassroad 54\n","4","125000","0","115000","125000","2","NOT_AVAILABLE","7","8","7","9","4","4","4","4","130","56","NULL"
"510","U10","Twiglane 48\n","2","70000","0","60000","65000","0","NOT_AVAILABLE","7","8","8","8","4","4","4","4","136","56","NULL"
"511","N01","Stickroad 17","9","425000","0","425000","NULL","0","NOT_AVAILABLE","10","8","0","0","NULL","NULL","NULL","NULL","110","59","NULL"
"512","N04","Twiglane 8\n","6","200000","0","200000","200000","6","OCCUPIED","10","8","10","9","NULL","NULL","NULL","NULL","113","59","417"
"513","N07","Leafstreet 26\n","3","100000","0","100000","100000","0","OCCUPIED","10","8","11","9","NULL","NULL","NULL","NULL","116","59","412"
"514","D01","Stonelane 13\n","8","300000","0","300000","300000","7","AVAILABLE","10","6","10","7","NULL","4","NULL","NULL","117","59","NULL"
"515","D04","Steelstreet 22\n","5","160000","0","160000","160000","5","AVAILABLE","10","6","12","7","NULL","4","NULL","NULL","120","59","NULL"
"516","D05","Steelstreet 20\n","5","160000","0","160000","NULL","0","NOT_AVAILABLE","10","6","0","0","NULL","4","NULL","4","121","59","NULL"
"517","D10","Brickroad 6\n","2","80000","0","80000","NULL","0","NOT_AVAILABLE","10","6","0","0","NULL","4","NULL","4","126","59","NULL"
"518","U01","Woolstreet 33\n","6","200000","0","190000","NULL","0","NOT_AVAILABLE","7","8","0","0","4","NULL","4","NULL","127","59","NULL"
"519","U04","Grassroad 54\n","4","125000","0","115000","125000","1","OCCUPIED","7","8","8","8","4","NULL","4","NULL","130","59","416"
"520","U10","Twiglane 48\n","2","70000","0","60000","70000","0","OCCUPIED","7","8","8","8","4","NULL","4","NULL","136","59","414"
"521","N05","Twiglane 5\n\n\n","6","200000","0","198000","NULL","0","NOT_AVAILABLE","10","8","0","0","2","NULL","2","NULL","114","61","NULL"
"522","D02","Stonelane 11\n\n","8","300000","0","298000","NULL","0","NOT_AVAILABLE","10","6","0","0","2","NULL","2","NULL","118","61","NULL"
"523","D09","Brickroad 4\n\n","2","80000","0","78000","NULL","0","NOT_AVAILABLE","10","6","0","0","2","NULL","2","NULL","125","61","NULL"
"524","U05","Grassroad 52\n\n","4","125000","0","115000","NULL","0","NOT_AVAILABLE","7","8","0","0","4","NULL","4","NULL","131","61","NULL"
"525","U09","Twiglane 44\n\n","2","70000","0","60000","NULL","0","NOT_AVAILABLE","7","8","0","0","4","NULL","4","NULL","135","61","NULL"
"526","N05","Twiglane 5\n\n\n","6","200000","0","198000","NULL","0","NOT_AVAILABLE","10","8","0","0","2","4","2","4","114","58","NULL"
"527","D02","Stonelane 11\n\n","8","300000","0","298000","NULL","0","NOT_AVAILABLE","10","6","0","0","2","4","2","4","118","58","NULL"
"528","D09","Brickroad 4\n\n","2","80000","0","78000","NULL","0","NOT_AVAILABLE","10","6","0","0","2","4","2","4","125","58","NULL"
"529","U05","Grassroad 52\n\n","4","125000","0","115000","NULL","0","NOT_AVAILABLE","7","8","0","0","4","4","4","4","131","58","NULL"
"530","U09","Twiglane 44\n\n","2","70000","0","60000","NULL","0","NOT_AVAILABLE","7","8","0","0","4","4","4","4","135","58","NULL"
"531","N05","Twiglane 5\n\n\n","6","200000","0","200000","NULL","0","NOT_AVAILABLE","10","8","0","0","NULL","NULL","NULL","NULL","114","59","NULL"
"532","D02","Stonelane 11\n\n","8","300000","0","300000","NULL","0","NOT_AVAILABLE","10","6","0","0","NULL","4","NULL","4","118","59","NULL"
"533","D09","Brickroad 4\n\n","2","80000","0","80000","NULL","0","NOT_AVAILABLE","10","6","0","0","NULL","4","NULL","4","125","59","NULL"
"534","U05","Grassroad 52\n\n","4","125000","0","115000","NULL","0","NOT_AVAILABLE","7","8","0","0","4","NULL","4","NULL","131","59","NULL"
"535","U09","Twiglane 44\n\n","2","70000","0","60000","NULL","0","NOT_AVAILABLE","7","8","0","0","4","NULL","4","NULL","135","59","NULL"
"536","N06","Leafstreet 28\n\n","3","100000","0","100000","104000","0","OCCUPIED","10","8","1","0","NULL","NULL","NULL","NULL","115","61","428"
"537","D03","Stonelane 15\n\n","8","300000","0","300000","NULL","0","NOT_AVAILABLE","10","6","0","0","NULL","NULL","NULL","NULL","119","61","NULL"
"538","D06","Steelstreet 25\n\n","5","160000","0","160000","NULL","0","NOT_AVAILABLE","10","6","0","1","NULL","NULL","NULL","NULL","122","61","NULL"
"539","U02","Woolstreet 37\n\n","6","200000","0","190000","NULL","0","NOT_AVAILABLE","7","8","1","0","4","NULL","NULL","NULL","128","61","NULL"
"540","U06","Grassroad 51\n\n","4","125000","0","115000","NULL","0","NOT_AVAILABLE","7","8","1","0","4","NULL","NULL","NULL","132","61","NULL"
"541","U07","Grassroad 53","4","125000","0","115000","NULL","1","NOT_AVAILABLE","7","8","1","2","4","NULL","NULL","NULL","133","61","NULL"
"542","N05","Twiglane 5\n\n\n","6","200000","0","190000","200000","0","AVAILABLE","10","8","0","0","4","4","4","4","114","60","NULL"
"543","D02","Stonelane 11\n\n","8","300000","0","290000","NULL","0","NOT_AVAILABLE","10","6","0","0","4","4","4","4","118","60","NULL"
"544","D09","Brickroad 4\n\n","2","80000","0","70000","80000","7","OCCUPIED","10","6","11","7","4","4","NULL","3","125","60","423"
"545","U05","Grassroad 52\n\n","4","125000","0","115000","NULL","0","NOT_AVAILABLE","7","8","0","0","4","4","4","4","131","60","NULL"
"546","U09","Twiglane 44\n\n","2","70000","0","60000","70000","0","OCCUPIED","7","8","8","8","4","4","4","3","135","60","420"
"552","N05","Twiglane 5\n\n\n","6","200000","0","190000","NULL","0","NOT_AVAILABLE","10","8","0","0","4","4","4","4","114","56","NULL"
"553","D02","Stonelane 11\n\n","8","300000","0","290000","NULL","0","NOT_AVAILABLE","10","6","0","0","4","4","4","4","118","56","NULL"
"554","D09","Brickroad 4\n\n","2","80000","0","70000","80000","6","OCCUPIED","10","6","10","7","4","4","NULL","4","125","56","394"
"555","U05","Grassroad 52\n\n","4","125000","0","115000","NULL","0","NOT_AVAILABLE","7","8","0","0","4","4","4","4","131","56","NULL"
"556","U09","Twiglane 44\n\n","2","70000","0","60000","NULL","0","NOT_AVAILABLE","7","8","0","0","4","4","4","4","135","56","NULL"
"563","N06","Leafstreet 28\n\n","3","100000","0","100000","NULL","0","NOT_AVAILABLE","10","8","1","0","NULL","4","NULL","4","115","58","NULL"
"564","D03","Stonelane 15\n\n","8","300000","0","300000","NULL","0","NOT_AVAILABLE","10","6","0","0","NULL","4","NULL","4","119","58","NULL"
"565","D06","Steelstreet 25\n\n","5","160000","0","160000","NULL","0","NOT_AVAILABLE","10","6","0","1","NULL","4","NULL","4","122","58","NULL"
"566","U02","Woolstreet 37\n\n","6","200000","0","190000","NULL","0","NOT_AVAILABLE","7","8","1","0","4","4","3","4","128","58","NULL"
"567","U06","Grassroad 51\n\n","4","125000","0","115000","125000","4","OCCUPIED","7","8","8","9","4","4","NULL","NULL","132","58","408"
"568","U07","Grassroad 53","4","125000","0","115000","125000","7","OCCUPIED","7","8","8","9","4","4","NULL","NULL","133","58","409"
"569","N06","Leafstreet 28\n\n","3","100000","0","100000","NULL","0","NOT_AVAILABLE","10","8","1","0","NULL","NULL","NULL","NULL","115","59","NULL"
"570","D03","Stonelane 15\n\n","8","300000","0","300000","NULL","0","NOT_AVAILABLE","10","6","0","0","NULL","4","NULL","4","119","59","NULL"
"571","D06","Steelstreet 25\n\n","5","160000","0","160000","NULL","0","NOT_AVAILABLE","10","6","0","1","NULL","4","NULL","4","122","59","NULL"
"572","U02","Woolstreet 37\n\n","6","200000","0","190000","NULL","0","NOT_AVAILABLE","7","8","1","0","4","NULL","4","NULL","128","59","NULL"
"573","U06","Grassroad 51\n\n","4","125000","0","115000","NULL","0","NOT_AVAILABLE","7","8","1","0","4","NULL","4","NULL","132","59","NULL"
"574","U07","Grassroad 53","4","125000","0","115000","NULL","1","NOT_AVAILABLE","7","8","1","2","4","NULL","4","NULL","133","59","NULL"
"575","N02","Twiglane 7","6","200000","0","200000","200000","0","OCCUPIED","10","8","11","8","NULL","NULL","NULL","NULL","111","61","432"
"576","N03","Stickroad 21\n\n","9","425000","0","425000","NULL","1","AVAILABLE","10","8","1","1","NULL","NULL","NULL","NULL","112","61","NULL"
"577","D07","Steelstreet 23\n\n","5","160000","0","160000","NULL","1","AVAILABLE","10","6","2","2","NULL","NULL","NULL","NULL","123","61","NULL"
"578","D08","Brickroad 8\n\n","2","80000","0","80000","NULL","5","AVAILABLE","10","6","2","2","NULL","NULL","NULL","NULL","124","61","NULL"
"579","U03","Woolstreet 35\n\n","6","200000","0","190000","NULL","2","AVAILABLE","7","8","1","1","4","NULL","NULL","NULL","129","61","NULL"
"580","U08","Twiglane 46\n\n","2","70000","0","60000","NULL","3","AVAILABLE","7","8","2","1","4","NULL","NULL","NULL","134","61","NULL"
"581","N01","Stickroad 17","9","425000","0","425000","NULL","0","NOT_AVAILABLE","10","8","0","0","NULL","2","NULL","2","110","57","NULL"
"582","N04","Twiglane 8\n","6","200000","0","200000","NULL","0","NOT_AVAILABLE","10","8","0","0","NULL","2","NULL","2","113","57","NULL"
"583","N07","Leafstreet 26\n","3","100000","0","100000","100000","1","OCCUPIED","10","8","10","9","NULL","2","NULL","NULL","116","57","396"
"584","D01","Stonelane 13\n","8","300000","0","300000","300000","7","OCCUPIED","10","6","11","7","NULL","2","NULL","NULL","117","57","399"
"585","D04","Steelstreet 22\n","5","160000","0","160000","165000","0","OCCUPIED","10","6","0","0","NULL","2","NULL","2","120","57","400"
"586","D05","Steelstreet 20\n","5","160000","0","160000","160000","6","OCCUPIED","10","6","10","7","NULL","2","NULL","1","121","57","401"
"587","D10","Brickroad 6\n","2","80000","0","80000","81000","0","OCCUPIED","10","6","11","6","NULL","2","NULL","2","126","57","398"
"588","U01","Woolstreet 33\n","6","200000","0","190000","NULL","0","NOT_AVAILABLE","7","8","0","0","3","2","3","2","127","57","NULL"
"589","U04","Grassroad 54\n","4","125000","0","115000","115000","3","AVAILABLE","7","8","9","9","3","2","NULL","NULL","130","57","NULL"
"590","U10","Twiglane 48\n","2","70000","0","60000","NULL","0","NOT_AVAILABLE","7","8","0","0","3","2","3","2","136","57","NULL"
"591","N06","Leafstreet 28\n\n","3","100000","0","90000","NULL","0","NOT_AVAILABLE","10","8","1","0","4","4","4","4","115","60","NULL"
"592","D03","Stonelane 15\n\n","8","300000","0","290000","NULL","0","NOT_AVAILABLE","10","6","0","0","4","4","4","4","119","60","NULL"
"593","D06","Steelstreet 25\n\n","5","160000","0","150000","NULL","0","NOT_AVAILABLE","10","6","0","1","4","4","4","4","122","60","NULL"
"594","U02","Woolstreet 37\n\n","6","200000","0","190000","NULL","0","NOT_AVAILABLE","7","8","1","0","4","4","4","4","128","60","NULL"
"595","U06","Grassroad 51\n\n","4","125000","0","115000","NULL","0","NOT_AVAILABLE","7","8","1","0","4","4","4","4","132","60","NULL"
"596","U07","Grassroad 53","4","125000","0","115000","NULL","1","NOT_AVAILABLE","7","8","1","2","4","4","4","3","133","60","NULL"
"597","N02","Twiglane 7","6","200000","0","200000","200000","0","OCCUPIED","10","8","11","8","NULL","NULL","NULL","NULL","111","59","413"
"598","N03","Stickroad 21\n\n","9","425000","0","425000","425000","3","OCCUPIED","10","8","10","9","NULL","NULL","NULL","NULL","112","59","415"
"599","D07","Steelstreet 23\n\n","5","160000","0","160000","NULL","1","AVAILABLE","10","6","2","2","NULL","4","NULL","NULL","123","59","NULL"
"600","D08","Brickroad 8\n\n","2","80000","0","80000","NULL","5","AVAILABLE","10","6","2","2","NULL","4","NULL","NULL","124","59","NULL"
"601","U03","Woolstreet 35\n\n","6","200000","0","190000","NULL","2","AVAILABLE","7","8","1","1","4","NULL","4","NULL","129","59","NULL"
"602","U08","Twiglane 46\n\n","2","70000","0","60000","NULL","3","AVAILABLE","7","8","2","1","4","NULL","4","NULL","134","59","NULL"
"603","N06","Leafstreet 28\n\n","3","100000","0","90000","100000","0","OCCUPIED","10","8","1","0","4","4","NULL","4","115","56","390"
"604","D03","Stonelane 15\n\n","8","300000","0","290000","NULL","0","NOT_AVAILABLE","10","6","0","0","4","4","4","4","119","56","NULL"
"605","D06","Steelstreet 25\n\n","5","160000","0","150000","NULL","0","NOT_AVAILABLE","10","6","0","1","4","4","4","4","122","56","NULL"
"606","U02","Woolstreet 37\n\n","6","200000","0","190000","NULL","0","NOT_AVAILABLE","7","8","1","0","4","4","4","4","128","56","NULL"
"607","U06","Grassroad 51\n\n","4","125000","0","115000","NULL","0","NOT_AVAILABLE","7","8","1","0","4","4","4","4","132","56","NULL"
"608","U07","Grassroad 53","4","125000","0","115000","NULL","1","NOT_AVAILABLE","7","8","1","2","4","4","4","4","133","56","NULL"
"609","N02","Twiglane 7","6","200000","0","200000","NULL","0","AVAILABLE","10","8","1","2","NULL","4","NULL","NULL","111","58","NULL"
"610","N03","Stickroad 21\n\n","9","425000","0","425000","NULL","1","AVAILABLE","10","8","1","1","NULL","4","NULL","NULL","112","58","NULL"
"611","D07","Steelstreet 23\n\n","5","160000","0","160000","NULL","1","AVAILABLE","10","6","2","2","NULL","4","NULL","4","123","58","NULL"
"612","D08","Brickroad 8\n\n","2","80000","0","80000","NULL","5","AVAILABLE","10","6","2","2","NULL","4","NULL","4","124","58","NULL"
"613","U03","Woolstreet 35\n\n","6","200000","0","190000","NULL","2","AVAILABLE","7","8","1","1","4","4","NULL","NULL","129","58","NULL"
"614","U08","Twiglane 46\n\n","2","70000","0","60000","NULL","3","AVAILABLE","7","8","2","1","4","4","NULL","NULL","134","58","NULL"
"615","N02","Twiglane 7","6","200000","0","190000","NULL","0","AVAILABLE","10","8","1","2","4","4","4","NULL","111","60","NULL"
"616","N03","Stickroad 21\n\n","9","425000","0","415000","NULL","1","AVAILABLE","10","8","1","1","4","4","4","NULL","112","60","NULL"
"617","D07","Steelstreet 23\n\n","5","160000","0","150000","NULL","1","AVAILABLE","10","6","2","2","4","4","4","4","123","60","NULL"
"618","D08","Brickroad 8\n\n","2","80000","0","70000","NULL","5","AVAILABLE","10","6","2","2","4","4","4","4","124","60","NULL"
"619","U03","Woolstreet 35\n\n","6","200000","0","190000","NULL","2","AVAILABLE","7","8","1","1","4","4","4","NULL","129","60","NULL"
"620","U08","Twiglane 46\n\n","2","70000","0","60000","70000","3","OCCUPIED","7","8","2","1","4","4","4","NULL","134","60","424"
"621","N05","Twiglane 5\n\n\n","6","200000","0","200000","NULL","0","NOT_AVAILABLE","10","8","0","0","NULL","2","NULL","2","114","57","NULL"
"622","D02","Stonelane 11\n\n","8","300000","0","300000","NULL","0","NOT_AVAILABLE","10","6","0","0","NULL","2","NULL","2","118","57","NULL"
"623","D09","Brickroad 4\n\n","2","80000","0","80000","NULL","0","NOT_AVAILABLE","10","6","0","0","NULL","2","NULL","2","125","57","NULL"
"624","U05","Grassroad 52\n\n","4","125000","0","115000","NULL","0","NOT_AVAILABLE","7","8","0","0","3","2","3","2","131","57","NULL"
"625","U09","Twiglane 44\n\n","2","70000","0","60000","NULL","0","NOT_AVAILABLE","7","8","0","0","3","2","3","2","135","57","NULL"
"626","N02","Twiglane 7","6","200000","0","190000","NULL","0","AVAILABLE","10","8","1","2","4","4","NULL","4","111","56","NULL"
"627","N03","Stickroad 21\n\n","9","425000","0","415000","NULL","1","AVAILABLE","10","8","1","1","4","4","NULL","4","112","56","NULL"
"628","D07","Steelstreet 23\n\n","5","160000","0","150000","NULL","1","AVAILABLE","10","6","2","2","4","4","NULL","4","123","56","NULL"
"629","D08","Brickroad 8\n\n","2","80000","0","70000","NULL","5","AVAILABLE","10","6","2","2","4","4","NULL","4","124","56","NULL"
"630","U03","Woolstreet 35\n\n","6","200000","0","190000","NULL","2","AVAILABLE","7","8","1","1","4","4","4","4","129","56","NULL"
"631","U08","Twiglane 46\n\n","2","70000","0","60000","NULL","3","AVAILABLE","7","8","2","1","4","4","4","4","134","56","NULL"
"632","N06","Leafstreet 28\n\n","3","100000","0","100000","100000","2","OCCUPIED","10","8","10","9","NULL","NULL","NULL","NULL","115","57","397"
"633","D03","Stonelane 15\n\n","8","300000","0","300000","NULL","0","AVAILABLE","10","6","0","0","NULL","NULL","NULL","NULL","119","57","NULL"
"634","D06","Steelstreet 25\n\n","5","160000","0","160000","NULL","0","AVAILABLE","10","6","0","1","NULL","NULL","NULL","NULL","122","57","NULL"
"635","U02","Woolstreet 37\n\n","6","200000","0","190000","NULL","0","AVAILABLE","7","8","1","0","3","NULL","NULL","NULL","128","57","NULL"
"636","U06","Grassroad 51\n\n","4","125000","0","115000","NULL","0","AVAILABLE","7","8","1","0","3","NULL","NULL","NULL","132","57","NULL"
"637","U07","Grassroad 53","4","125000","0","115000","NULL","1","AVAILABLE","7","8","1","2","3","NULL","NULL","NULL","133","57","NULL"
"713","N01","Stickroad 17","9","425000","0","425000","NULL","0","AVAILABLE","10","8","0","0","NULL","NULL","NULL","NULL","29","39","NULL"
"714","N04","Twiglane 8\n","6","200000","0","200000","NULL","0","AVAILABLE","10","8","0","0","NULL","NULL","NULL","NULL","32","39","NULL"
"715","N07","Leafstreet 26\n","3","100000","0","100000","NULL","0","AVAILABLE","10","8","0","0","NULL","NULL","NULL","NULL","35","39","NULL"
"716","D01","Stonelane 13\n","8","300000","0","300000","NULL","0","AVAILABLE","10","6","0","0","NULL","NULL","NULL","NULL","36","39","NULL"
"717","D04","Steelstreet 22\n","5","160000","0","160000","NULL","0","AVAILABLE","10","6","0","0","NULL","NULL","NULL","NULL","39","39","NULL"
"718","D05","Steelstreet 20\n","5","160000","0","160000","NULL","0","AVAILABLE","10","6","0","0","NULL","NULL","NULL","NULL","40","39","NULL"
"719","D10","Brickroad 6\n","2","80000","0","80000","NULL","0","AVAILABLE","10","6","0","0","NULL","NULL","NULL","NULL","45","39","NULL"
"720","U01","Woolstreet 33\n","6","200000","0","200000","NULL","0","AVAILABLE","7","8","0","0","NULL","NULL","NULL","NULL","46","39","NULL"
"721","U04","Grassroad 54\n","4","125000","0","125000","125000","0","OCCUPIED","7","8","0","0","NULL","NULL","NULL","NULL","49","39","252"
"722","U10","Twiglane 48\n","2","70000","0","70000","NULL","0","AVAILABLE","7","8","0","0","NULL","NULL","NULL","NULL","55","39","NULL"
"723","N01","Stickroad 17","9","425000","0","425000","NULL","0","NOT_AVAILABLE","10","8","0","0","NULL","NULL","NULL","NULL","191","68","NULL"
"724","N04","Twiglane 8\n","6","200000","0","200000","200000","2","OCCUPIED","10","8","10","9","NULL","NULL","NULL","NULL","194","68","485"
"725","N07","Leafstreet 26\n","3","100000","0","100000","NULL","0","NOT_AVAILABLE","10","8","0","0","NULL","NULL","NULL","NULL","197","68","NULL"
"726","D01","Stonelane 13\n","8","300000","0","300000","NULL","0","NOT_AVAILABLE","10","6","0","0","NULL","1","NULL","1","198","68","NULL"
"727","D04","Steelstreet 22\n","5","160000","0","160000","160000","0","OCCUPIED","10","6","0","0","NULL","1","NULL","1","201","68","484"
"728","D05","Steelstreet 20\n","5","160000","0","160000","NULL","0","NOT_AVAILABLE","10","6","0","0","NULL","1","NULL","1","202","68","NULL"
"729","D10","Brickroad 6\n","2","80000","0","80000","NULL","0","NOT_AVAILABLE","10","6","0","0","NULL","1","NULL","1","207","68","NULL"
"730","U01","Woolstreet 33\n","6","200000","0","200000","NULL","0","NOT_AVAILABLE","7","8","0","0","1","NULL","1","NULL","208","68","NULL"
"731","U04","Grassroad 54\n","4","125000","0","125000","NULL","0","NOT_AVAILABLE","7","8","0","0","1","NULL","1","NULL","211","68","NULL"
"732","U10","Twiglane 48\n","2","70000","0","70000","NULL","0","NOT_AVAILABLE","7","8","0","0","1","NULL","1","NULL","217","68","NULL"
"733","N05","Twiglane 5\n\n\n","6","200000","0","200000","NULL","0","AVAILABLE","10","8","0","0","NULL","NULL","NULL","NULL","195","68","NULL"
"734","D02","Stonelane 11\n\n","8","300000","0","300000","NULL","0","AVAILABLE","10","6","0","0","NULL","NULL","NULL","NULL","199","68","NULL"
"735","D09","Brickroad 4\n\n","2","80000","0","80000","NULL","0","AVAILABLE","10","6","0","0","NULL","NULL","NULL","NULL","206","68","NULL"
"736","U05","Grassroad 52\n\n","4","125000","0","125000","NULL","0","AVAILABLE","7","8","0","0","NULL","NULL","NULL","NULL","212","68","NULL"
"737","U09","Twiglane 44\n\n","2","70000","0","70000","NULL","0","AVAILABLE","7","8","0","0","NULL","NULL","NULL","NULL","216","68","NULL"
"738","N01","Stickroad 17","9","425000","0","425000","NULL","0","AVAILABLE","10","8","0","0","NULL","NULL","NULL","NULL","191","69","NULL"
"739","N04","Twiglane 8\n","6","200000","0","200000","NULL","0","AVAILABLE","10","8","0","0","NULL","NULL","NULL","NULL","194","69","NULL"
"740","N07","Leafstreet 26\n","3","100000","0","100000","NULL","0","AVAILABLE","10","8","0","0","NULL","NULL","NULL","NULL","197","69","NULL"
"741","D01","Stonelane 13\n","8","300000","0","300000","NULL","0","AVAILABLE","10","6","0","0","NULL","NULL","NULL","NULL","198","69","NULL"
"742","D04","Steelstreet 22\n","5","160000","0","160000","NULL","0","AVAILABLE","10","6","0","0","NULL","NULL","NULL","NULL","201","69","NULL"
"743","D05","Steelstreet 20\n","5","160000","0","160000","NULL","0","AVAILABLE","10","6","0","0","NULL","NULL","NULL","NULL","202","69","NULL"
"744","D10","Brickroad 6\n","2","80000","0","80000","NULL","0","AVAILABLE","10","6","0","0","NULL","NULL","NULL","NULL","207","69","NULL"
"745","U01","Woolstreet 33\n","6","200000","0","200000","NULL","0","AVAILABLE","7","8","0","0","NULL","NULL","NULL","NULL","208","69","NULL"
"746","U04","Grassroad 54\n","4","125000","0","125000","NULL","0","AVAILABLE","7","8","0","0","NULL","NULL","NULL","NULL","211","69","NULL"
"747","U10","Twiglane 48\n","2","70000","0","70000","NULL","0","AVAILABLE","7","8","0","0","NULL","NULL","NULL","NULL","217","69","NULL"
"748","N01","Stickroad 17","9","425000","0","425000","NULL","0","NOT_AVAILABLE","10","8","0","0","NULL","2","NULL","2","218","71","NULL"
"749","N04","Twiglane 8\n","6","200000","0","200000","NULL","0","NOT_AVAILABLE","10","8","0","0","NULL","2","NULL","2","221","71","NULL"
"750","N07","Leafstreet 26\n","3","100000","0","100000","100000","0","NOT_AVAILABLE","10","8","0","0","NULL","2","NULL","2","224","71","NULL"
"751","D01","Stonelane 13\n","8","300000","0","300000","300000","3","OCCUPIED","10","6","11","6","NULL","2","NULL","2","225","71","512"
"752","D04","Steelstreet 22\n","5","160000","0","160000","160000","0","OCCUPIED","10","6","0","0","NULL","2","NULL","2","228","71","515"
"753","D05","Steelstreet 20\n","5","160000","0","160000","160000","1","OCCUPIED","10","6","10","7","NULL","2","NULL","2","229","71","514"
"754","D10","Brickroad 6\n","2","80000","0","80000","NULL","0","NOT_AVAILABLE","10","6","0","0","NULL","2","NULL","2","234","71","NULL"
"755","U01","Woolstreet 33\n","6","200000","0","190000","200000","2","OCCUPIED","7","8","8","8","2","2","2","2","235","71","513"
"756","U04","Grassroad 54\n","4","125000","0","115000","125000","0","OCCUPIED","7","8","0","0","2","2","2","2","238","71","508"
"757","U10","Twiglane 48\n","2","70000","0","60000","NULL","0","NOT_AVAILABLE","7","8","0","0","2","2","2","2","244","71","NULL"
"758","N05","Twiglane 5\n\n\n","6","200000","0","200000","NULL","0","NOT_AVAILABLE","10","8","0","0","NULL","2","NULL","2","222","71","NULL"
"759","D02","Stonelane 11\n\n","8","300000","0","300000","NULL","0","NOT_AVAILABLE","10","6","0","0","NULL","2","NULL","2","226","71","NULL"
"760","D09","Brickroad 4\n\n","2","80000","0","80000","NULL","0","NOT_AVAILABLE","10","6","0","0","NULL","2","NULL","2","233","71","NULL"
"761","U05","Grassroad 52\n\n","4","125000","0","115000","NULL","0","NOT_AVAILABLE","7","8","0","0","2","2","2","2","239","71","NULL"
"762","U09","Twiglane 44\n\n","2","70000","0","60000","70000","0","OCCUPIED","7","8","0","0","2","2","2","2","243","71","511"
"763","N06","Leafstreet 28\n\n","3","100000","0","100000","NULL","0","AVAILABLE","10","8","1","0","NULL","NULL","NULL","NULL","223","71","NULL"
"764","D03","Stonelane 15\n\n","8","300000","0","300000","NULL","0","AVAILABLE","10","6","0","0","NULL","NULL","NULL","NULL","227","71","NULL"
"765","D06","Steelstreet 25\n\n","5","160000","0","160000","NULL","0","AVAILABLE","10","6","0","1","NULL","NULL","NULL","NULL","230","71","NULL"
"766","U02","Woolstreet 37\n\n","6","200000","0","200000","NULL","0","AVAILABLE","7","8","1","1","NULL","NULL","NULL","NULL","236","71","NULL"
"767","U06","Grassroad 51\n\n","4","125000","0","125000","NULL","0","AVAILABLE","7","8","1","0","NULL","NULL","NULL","NULL","240","71","NULL"
"768","U07","Grassroad 53","4","125000","0","125000","NULL","0","AVAILABLE","7","8","1","2","NULL","NULL","NULL","NULL","241","71","NULL"
"769","N01","Stickroad 17","9","425000","0","415000","NULL","0","NOT_AVAILABLE","10","8","0","0","3","3","3","3","218","76","NULL"
"770","N04","Twiglane 8\n","6","200000","0","190000","260000","0","OCCUPIED","10","8","0","0","3","3","3","3","221","76","554"
"771","N07","Leafstreet 26\n","3","100000","0","90000","125000","1","OCCUPIED","10","8","11","9","3","3","3","3","224","76","549"
"772","D01","Stonelane 13\n","8","300000","0","290000","300000","3","OCCUPIED","10","6","11","6","3","3","3","3","225","76","553"
"773","D04","Steelstreet 22\n","5","160000","0","150000","160000","3","OCCUPIED","10","6","11","6","3","3","NULL","3","228","76","552"
"774","D05","Steelstreet 20\n","5","160000","0","150000","160000","0","OCCUPIED","10","6","0","0","3","3","3","3","229","76","551"
"775","D10","Brickroad 6\n","2","80000","0","70000","80000","0","OCCUPIED","10","6","10","7","3","3","3","3","234","76","550"
"776","U01","Woolstreet 33\n","6","200000","0","190000","200000","0","NOT_AVAILABLE","7","8","8","8","3","3","3","3","235","76","NULL"
"777","U04","Grassroad 54\n","4","125000","0","115000","NULL","0","NOT_AVAILABLE","7","8","0","0","3","3","3","3","238","76","NULL"
"778","U10","Twiglane 48\n","2","70000","0","60000","70000","1","NOT_AVAILABLE","7","8","7","9","3","3","3","3","244","76","NULL"
"779","N01","Stickroad 17","9","425000","0","425000","NULL","0","NOT_AVAILABLE","10","8","0","0","NULL","NULL","NULL","NULL","218","73","NULL"
"780","N04","Twiglane 8\n","6","200000","0","200000","200000","1","OCCUPIED","10","8","11","9","NULL","NULL","NULL","NULL","221","73","525"
"781","N07","Leafstreet 26\n","3","100000","0","100000","100000","1","OCCUPIED","10","8","10","9","NULL","NULL","NULL","NULL","224","73","524"
"782","D01","Stonelane 13\n","8","300000","0","300000","300000","3","OCCUPIED","10","6","11","6","NULL","3","NULL","3","225","73","529"
"783","D04","Steelstreet 22\n","5","160000","0","160000","160000","1","OCCUPIED","10","6","10","7","NULL","3","NULL","3","228","73","531"
"784","D05","Steelstreet 20\n","5","160000","0","160000","NULL","0","NOT_AVAILABLE","10","6","0","0","NULL","3","NULL","3","229","73","NULL"
"785","D10","Brickroad 6\n","2","80000","0","80000","104000","2","AVAILABLE","10","6","10","7","NULL","3","NULL","3","234","73","NULL"
"786","U01","Woolstreet 33\n","6","200000","0","195000","200000","2","OCCUPIED","7","8","7","9","2","NULL","2","NULL","235","73","530"
"787","U04","Grassroad 54\n","4","125000","0","120000","125000","1","OCCUPIED","7","8","7","9","2","NULL","2","NULL","238","73","527"
"788","U10","Twiglane 48\n","2","70000","0","65000","70000","0","OCCUPIED","7","8","8","8","2","NULL","2","NULL","244","73","526"
"789","N01","Stickroad 17","9","425000","0","425000","NULL","0","NOT_AVAILABLE","10","8","0","0","NULL","NULL","NULL","NULL","218","74","NULL"
"790","N04","Twiglane 8\n","6","200000","0","200000","235000","2","OCCUPIED","10","8","10","9","NULL","NULL","NULL","NULL","221","74","536"
"791","N07","Leafstreet 26\n","3","100000","0","100000","126000","0","OCCUPIED","10","8","0","0","NULL","NULL","NULL","NULL","224","74","532"
"792","D01","Stonelane 13\n","8","300000","0","300000","300000","2","OCCUPIED","10","6","11","7","NULL","NULL","NULL","NULL","225","74","537"
"793","D04","Steelstreet 22\n","5","160000","0","160000","160000","0","AVAILABLE","10","6","10","7","NULL","NULL","NULL","NULL","228","74","NULL"
"794","D05","Steelstreet 20\n","5","160000","0","160000","160000","3","OCCUPIED","10","6","11","7","NULL","NULL","NULL","NULL","229","74","538"
"795","D10","Brickroad 6\n","2","80000","0","80000","80000","3","OCCUPIED","10","6","11","7","NULL","NULL","NULL","NULL","234","74","539"
"796","U01","Woolstreet 33\n","6","200000","0","200000","200000","0","NOT_AVAILABLE","7","8","8","9","NULL","NULL","NULL","NULL","235","74","NULL"
"797","U04","Grassroad 54\n","4","125000","0","125000","NULL","0","NOT_AVAILABLE","7","8","0","0","NULL","NULL","NULL","NULL","238","74","NULL"
"798","U10","Twiglane 48\n","2","70000","0","70000","70000","0","OCCUPIED","7","8","8","8","NULL","NULL","NULL","NULL","244","74","534"
"799","N01","Stickroad 17","9","425000","0","425000","425000","1","OCCUPIED","10","8","11","9","NULL","NULL","NULL","NULL","218","72","521"
"800","N04","Twiglane 8\n","6","200000","0","200000","200000","2","OCCUPIED","10","8","10","9","NULL","NULL","NULL","NULL","221","72","520"
"801","N07","Leafstreet 26\n","3","100000","0","100000","111000","1","OCCUPIED","10","8","10","9","NULL","NULL","NULL","NULL","224","72","516"
"802","D01","Stonelane 13\n","8","300000","0","300000","NULL","0","NOT_AVAILABLE","10","6","0","0","NULL","3","NULL","3","225","72","NULL"
"803","D04","Steelstreet 22\n","5","160000","0","160000","160000","2","OCCUPIED","10","6","10","7","NULL","3","NULL","3","228","72","517"
"804","D05","Steelstreet 20\n","5","160000","0","160000","160000","1","OCCUPIED","10","6","11","6","NULL","3","NULL","3","229","72","522"
"805","D10","Brickroad 6\n","2","80000","0","80000","NULL","0","NOT_AVAILABLE","10","6","0","0","NULL","3","NULL","3","234","72","NULL"
"806","U01","Woolstreet 33\n","6","200000","0","198000","NULL","0","NOT_AVAILABLE","7","8","0","0","1","NULL","1","NULL","235","72","NULL"
"807","U04","Grassroad 54\n","4","125000","0","123000","120000","1","AVAILABLE","7","8","8","8","1","NULL","NULL","NULL","238","72","NULL"
"808","U10","Twiglane 48\n","2","70000","0","68000","65000","0","AVAILABLE","7","8","8","8","1","NULL","NULL","NULL","244","72","NULL"
"809","N01","Stickroad 17","9","425000","0","420000","NULL","0","NOT_AVAILABLE","10","8","0","0","2","2","2","2","218","75","NULL"
"810","N04","Twiglane 8\n","6","200000","0","195000","232000","0","OCCUPIED","10","8","0","0","2","2","2","2","221","75","546"
"811","N07","Leafstreet 26\n","3","100000","0","95000","110000","0","OCCUPIED","10","8","11","8","2","2","2","2","224","75","540"
"812","D01","Stonelane 13\n","8","300000","0","295000","350000","3","OCCUPIED","10","6","11","6","2","2","NULL","2","225","75","545"
"813","D04","Steelstreet 22\n","5","160000","0","155000","160000","1","NOT_AVAILABLE","10","6","10","7","2","2","2","2","228","75","NULL"
"814","D05","Steelstreet 20\n","5","160000","0","155000","160000","2","OCCUPIED","10","6","11","7","2","2","NULL","2","229","75","541"
"815","D10","Brickroad 6\n","2","80000","0","75000","NULL","0","NOT_AVAILABLE","10","6","0","0","2","2","2","2","234","75","NULL"
"816","U01","Woolstreet 33\n","6","200000","0","195000","221000","0","OCCUPIED","7","8","7","9","2","2","2","NULL","235","75","547"
"817","U04","Grassroad 54\n","4","125000","0","120000","115000","0","AVAILABLE","7","8","8","8","2","2","2","NULL","238","75","NULL"
"818","U10","Twiglane 48\n","2","70000","0","65000","70000","0","OCCUPIED","7","8","8","8","2","2","2","2","244","75","542"
"819","N05","Twiglane 5\n\n\n","6","200000","0","200000","NULL","0","NOT_AVAILABLE","10","8","0","0","NULL","NULL","NULL","NULL","222","73","NULL"
"820","D02","Stonelane 11\n\n","8","300000","0","300000","NULL","0","NOT_AVAILABLE","10","6","0","0","NULL","3","NULL","3","226","73","NULL"
"821","D09","Brickroad 4\n\n","2","80000","0","80000","NULL","0","NOT_AVAILABLE","10","6","0","0","NULL","3","NULL","3","233","73","NULL"
"822","U05","Grassroad 52\n\n","4","125000","0","120000","NULL","0","NOT_AVAILABLE","7","8","0","0","2","NULL","2","NULL","239","73","NULL"
"823","U09","Twiglane 44\n\n","2","70000","0","65000","NULL","0","NOT_AVAILABLE","7","8","0","0","2","NULL","2","NULL","243","73","NULL"
"824","N05","Twiglane 5\n\n\n","6","200000","0","190000","NULL","0","NOT_AVAILABLE","10","8","0","0","3","3","3","3","222","76","NULL"
"825","D02","Stonelane 11\n\n","8","300000","0","290000","NULL","0","NOT_AVAILABLE","10","6","0","0","3","3","3","3","226","76","NULL"
"826","D09","Brickroad 4\n\n","2","80000","0","70000","80000","0","AVAILABLE","10","6","10","7","3","3","3","3","233","76","NULL"
"827","U05","Grassroad 52\n\n","4","125000","0","115000","125000","1","OCCUPIED","7","8","8","8","3","3","3","3","239","76","555"
"828","U09","Twiglane 44\n\n","2","70000","0","60000","NULL","0","NOT_AVAILABLE","7","8","0","0","3","3","3","3","243","76","NULL"
"829","N05","Twiglane 5\n\n\n","6","200000","0","200000","NULL","0","NOT_AVAILABLE","10","8","0","0","NULL","NULL","NULL","NULL","222","72","NULL"
"830","D02","Stonelane 11\n\n","8","300000","0","300000","NULL","0","NOT_AVAILABLE","10","6","0","0","NULL","3","NULL","3","226","72","NULL"
"831","D09","Brickroad 4\n\n","2","80000","0","80000","NULL","0","NOT_AVAILABLE","10","6","0","0","NULL","3","NULL","3","233","72","NULL"
"832","U05","Grassroad 52\n\n","4","125000","0","125000","NULL","0","NOT_AVAILABLE","7","8","0","0","NULL","NULL","NULL","NULL","239","72","NULL"
"833","U09","Twiglane 44\n\n","2","70000","0","70000","NULL","0","NOT_AVAILABLE","7","8","0","0","NULL","NULL","NULL","NULL","243","72","NULL"
"834","N05","Twiglane 5\n\n\n","6","200000","0","195000","NULL","0","NOT_AVAILABLE","10","8","0","0","2","2","2","2","222","75","NULL"
"835","D02","Stonelane 11\n\n","8","300000","0","295000","300000","0","OCCUPIED","10","6","0","0","2","2","2","2","226","75","544"
"836","D09","Brickroad 4\n\n","2","80000","0","75000","NULL","0","NOT_AVAILABLE","10","6","0","0","2","2","2","2","233","75","NULL"
"837","U05","Grassroad 52\n\n","4","125000","0","120000","NULL","0","NOT_AVAILABLE","7","8","0","0","2","2","2","2","239","75","NULL"
"838","U09","Twiglane 44\n\n","2","70000","0","65000","NULL","0","NOT_AVAILABLE","7","8","0","0","2","2","2","2","243","75","NULL"
"839","N05","Twiglane 5\n\n\n","6","200000","0","200000","200000","2","OCCUPIED","10","8","11","9","NULL","NULL","NULL","NULL","222","74","533"
"840","D02","Stonelane 11\n\n","8","300000","0","300000","NULL","0","NOT_AVAILABLE","10","6","0","0","NULL","NULL","NULL","NULL","226","74","NULL"
"841","D09","Brickroad 4\n\n","2","80000","0","80000","NULL","0","NOT_AVAILABLE","10","6","0","0","NULL","NULL","NULL","NULL","233","74","NULL"
"842","U05","Grassroad 52\n\n","4","125000","0","125000","NULL","0","NOT_AVAILABLE","7","8","0","0","NULL","NULL","NULL","NULL","239","74","NULL"
"843","U09","Twiglane 44\n\n","2","70000","0","70000","NULL","0","NOT_AVAILABLE","7","8","0","0","NULL","NULL","NULL","NULL","243","74","NULL"
"844","N06","Leafstreet 28\n\n","3","100000","0","100000","100000","0","OCCUPIED","10","8","1","0","NULL","NULL","NULL","NULL","223","73","528"
"845","D03","Stonelane 15\n\n","8","300000","0","300000","NULL","0","AVAILABLE","10","6","0","0","NULL","3","NULL","3","227","73","NULL"
"846","D06","Steelstreet 25\n\n","5","160000","0","160000","NULL","0","AVAILABLE","10","6","0","1","NULL","3","NULL","3","230","73","NULL"
"847","U02","Woolstreet 37\n\n","6","200000","0","200000","NULL","0","AVAILABLE","7","8","1","1","NULL","NULL","NULL","NULL","236","73","NULL"
"848","U06","Grassroad 51\n\n","4","125000","0","125000","NULL","0","AVAILABLE","7","8","1","0","NULL","NULL","NULL","NULL","240","73","NULL"
"849","U07","Grassroad 53","4","125000","0","125000","NULL","0","AVAILABLE","7","8","1","2","NULL","NULL","NULL","NULL","241","73","NULL"
"850","N06","Leafstreet 28\n\n","3","100000","0","90000","100000","1","OCCUPIED","10","8","10","9","3","3","NULL","3","223","76","548"
"851","D03","Stonelane 15\n\n","8","300000","0","290000","NULL","0","AVAILABLE","10","6","0","0","3","3","3","3","227","76","NULL"
"852","D06","Steelstreet 25\n\n","5","160000","0","150000","NULL","0","AVAILABLE","10","6","0","1","3","3","3","3","230","76","NULL"
"853","U02","Woolstreet 37\n\n","6","200000","0","190000","NULL","0","AVAILABLE","7","8","1","1","3","3","3","3","236","76","NULL"
"854","U06","Grassroad 51\n\n","4","125000","0","115000","NULL","0","AVAILABLE","7","8","1","0","3","3","3","3","240","76","NULL"
"855","U07","Grassroad 53","4","125000","0","115000","NULL","0","AVAILABLE","7","8","1","2","3","3","3","3","241","76","NULL"
"856","N06","Leafstreet 28\n\n","3","100000","0","100000","100000","0","OCCUPIED","10","8","1","0","NULL","NULL","NULL","NULL","223","72","518"
"857","D03","Stonelane 15\n\n","8","300000","0","300000","NULL","0","AVAILABLE","10","6","0","0","NULL","3","NULL","3","227","72","NULL"
"858","D06","Steelstreet 25\n\n","5","160000","0","160000","NULL","0","AVAILABLE","10","6","0","1","NULL","3","NULL","NULL","230","72","NULL"
"859","U02","Woolstreet 37\n\n","6","200000","0","200000","NULL","0","AVAILABLE","7","8","1","1","NULL","NULL","NULL","NULL","236","72","NULL"
"860","U06","Grassroad 51\n\n","4","125000","0","125000","NULL","0","AVAILABLE","7","8","1","0","NULL","NULL","NULL","NULL","240","72","NULL"
"861","U07","Grassroad 53","4","125000","0","125000","125000","0","OCCUPIED","7","8","8","8","NULL","NULL","NULL","NULL","241","72","519"
"862","N06","Leafstreet 28\n\n","3","100000","0","100000","100000","3","OCCUPIED","10","8","11","9","NULL","NULL","NULL","NULL","223","74","535"
"863","D03","Stonelane 15\n\n","8","300000","0","300000","NULL","0","AVAILABLE","10","6","0","0","NULL","NULL","NULL","NULL","227","74","NULL"
"864","D06","Steelstreet 25\n\n","5","160000","0","160000","NULL","0","AVAILABLE","10","6","0","1","NULL","NULL","NULL","NULL","230","74","NULL"
"865","U02","Woolstreet 37\n\n","6","200000","0","200000","NULL","0","AVAILABLE","7","8","1","1","NULL","NULL","NULL","NULL","236","74","NULL"
"866","U06","Grassroad 51\n\n","4","125000","0","125000","NULL","0","AVAILABLE","7","8","1","0","NULL","NULL","NULL","NULL","240","74","NULL"
"867","U07","Grassroad 53","4","125000","0","125000","NULL","0","AVAILABLE","7","8","1","2","NULL","NULL","NULL","NULL","241","74","NULL"
"868","N06","Leafstreet 28\n\n","3","100000","0","100000","NULL","0","AVAILABLE","10","8","1","0","NULL","NULL","NULL","NULL","223","75","NULL"
"869","D03","Stonelane 15\n\n","8","300000","0","300000","NULL","0","AVAILABLE","10","6","0","0","NULL","NULL","NULL","NULL","227","75","NULL"
"870","D06","Steelstreet 25\n\n","5","160000","0","160000","NULL","0","AVAILABLE","10","6","0","1","NULL","NULL","NULL","NULL","230","75","NULL"
"871","U02","Woolstreet 37\n\n","6","200000","0","200000","NULL","0","AVAILABLE","7","8","1","1","NULL","NULL","NULL","NULL","236","75","NULL"
"872","U06","Grassroad 51\n\n","4","125000","0","125000","NULL","0","AVAILABLE","7","8","1","0","NULL","NULL","NULL","NULL","240","75","NULL"
"873","U07","Grassroad 53","4","125000","0","125000","125000","0","OCCUPIED","7","8","8","9","NULL","NULL","NULL","NULL","241","75","543"
"874","N01","Stickroad 17","9","425000","0","425000","NULL","0","NOT_AVAILABLE","10","8","0","0","NULL","2","NULL","2","218","81","NULL"
"875","N04","Twiglane 8\n","6","200000","0","200000","200000","3","OCCUPIED","10","8","11","8","NULL","2","NULL","2","221","81","593"
"876","N07","Leafstreet 26\n","3","100000","0","100000","100000","2","OCCUPIED","10","8","11","8","NULL","2","NULL","2","224","81","589"
"877","D01","Stonelane 13\n","8","300000","0","300000","NULL","0","NOT_AVAILABLE","10","6","0","0","NULL","2","NULL","2","225","81","NULL"
"878","D04","Steelstreet 22\n","5","160000","0","160000","160000","0","AVAILABLE","10","6","0","0","NULL","2","NULL","2","228","81","NULL"
"879","D05","Steelstreet 20\n","5","160000","0","160000","160000","1","NOT_AVAILABLE","10","6","11","7","NULL","2","NULL","2","229","81","NULL"
"880","D10","Brickroad 6\n","2","80000","0","80000","80000","0","OCCUPIED","10","6","11","6","NULL","2","NULL","2","234","81","590"
"881","U01","Woolstreet 33\n","6","200000","0","200000","200000","1","OCCUPIED","7","8","7","9","NULL","2","NULL","2","235","81","594"
"882","U04","Grassroad 54\n","4","125000","0","125000","125000","0","NOT_AVAILABLE","7","8","0","0","NULL","2","NULL","2","238","81","NULL"
"883","U10","Twiglane 48\n","2","70000","0","70000","NULL","0","NOT_AVAILABLE","7","8","0","0","NULL","2","NULL","2","244","81","NULL"
"884","N01","Stickroad 17","9","425000","0","425000","NULL","0","NOT_AVAILABLE","10","8","0","0","NULL","3","NULL","3","218","78","NULL"
"885","N04","Twiglane 8\n","6","200000","0","200000","225000","0","OCCUPIED","10","8","0","0","NULL","3","NULL","3","221","78","565"
"886","N07","Leafstreet 26\n","3","100000","0","100000","100000","0","OCCUPIED","10","8","0","0","NULL","3","NULL","3","224","78","566"
"887","D01","Stonelane 13\n","8","300000","0","300000","300000","3","OCCUPIED","10","6","11","7","NULL","3","NULL","3","225","78","569"
"888","D04","Steelstreet 22\n","5","160000","0","160000","160000","0","OCCUPIED","10","6","10","7","NULL","3","NULL","3","228","78","567"
"889","D05","Steelstreet 20\n","5","160000","0","160000","160000","1","OCCUPIED","10","6","11","6","NULL","3","NULL","3","229","78","568"
"890","D10","Brickroad 6\n","2","80000","0","80000","NULL","0","NOT_AVAILABLE","10","6","0","0","NULL","3","NULL","3","234","78","NULL"
"891","U01","Woolstreet 33\n","6","200000","0","190000","200000","1","OCCUPIED","7","8","8","8","3","3","3","3","235","78","570"
"892","U04","Grassroad 54\n","4","125000","0","115000","125000","3","OCCUPIED","7","8","7","9","3","3","3","3","238","78","571"
"893","U10","Twiglane 48\n","2","70000","0","60000","70000","0","OCCUPIED","7","8","8","9","3","3","3","3","244","78","564"
"894","N01","Stickroad 17","9","425000","0","425000","NULL","0","NOT_AVAILABLE","10","8","0","0","NULL","2","NULL","2","218","77","NULL"
"895","N04","Twiglane 8\n","6","200000","0","200000","260000","0","OCCUPIED","10","8","10","9","NULL","2","NULL","1","221","77","560"
"896","N07","Leafstreet 26\n","3","100000","0","100000","132000","0","OCCUPIED","10","8","0","0","NULL","2","NULL","2","224","77","556"
"897","D01","Stonelane 13\n","8","300000","0","300000","361000","2","OCCUPIED","10","6","11","6","NULL","3","NULL","3","225","77","561"
"898","D04","Steelstreet 22\n","5","160000","0","160000","190000","1","OCCUPIED","10","6","11","6","NULL","3","NULL","3","228","77","563"
"899","D05","Steelstreet 20\n","5","160000","0","160000","195000","2","OCCUPIED","10","6","10","7","NULL","3","NULL","3","229","77","557"
"900","D10","Brickroad 6\n","2","80000","0","80000","80000","0","NOT_AVAILABLE","10","6","11","6","NULL","3","NULL","3","234","77","NULL"
"901","U01","Woolstreet 33\n","6","200000","0","200000","200000","0","OCCUPIED","7","8","8","8","NULL","2","NULL","2","235","77","562"
"902","U04","Grassroad 54\n","4","125000","0","125000","115000","1","AVAILABLE","7","8","7","9","NULL","2","NULL","1","238","77","NULL"
"903","U10","Twiglane 48\n","2","70000","0","70000","NULL","0","NOT_AVAILABLE","7","8","0","0","NULL","2","NULL","2","244","77","NULL"
"904","N01","Stickroad 17","9","425000","0","415000","NULL","0","NOT_AVAILABLE","10","8","0","0","3","3","3","3","218","80","NULL"
"905","N04","Twiglane 8\n","6","200000","0","190000","251000","1","OCCUPIED","10","8","10","9","3","3","3","3","221","80","584"
"906","N07","Leafstreet 26\n","3","100000","0","90000","100000","1","AVAILABLE","10","8","11","9","3","3","3","3","224","80","NULL"
"907","D01","Stonelane 13\n","8","300000","0","290000","300000","2","OCCUPIED","10","6","10","7","3","3","3","3","225","80","585"
"908","D04","Steelstreet 22\n","5","160000","0","150000","160000","0","OCCUPIED","10","6","11","6","3","3","3","3","228","80","583"
"909","D05","Steelstreet 20\n","5","160000","0","150000","164000","0","NOT_AVAILABLE","10","6","0","0","3","3","3","3","229","80","NULL"
"910","D10","Brickroad 6\n","2","80000","0","70000","80000","0","OCCUPIED","10","6","11","6","3","3","3","3","234","80","580"
"911","U01","Woolstreet 33\n","6","200000","0","190000","190000","3","OCCUPIED","7","8","8","9","3","3","3","2","235","80","586"
"912","U04","Grassroad 54\n","4","125000","0","115000","NULL","0","NOT_AVAILABLE","7","8","0","0","3","3","3","3","238","80","NULL"
"913","U10","Twiglane 48\n","2","70000","0","60000","70000","0","OCCUPIED","7","8","8","8","3","3","3","3","244","80","582"
"914","N01","Stickroad 17","9","425000","0","425000","425000","2","OCCUPIED","10","8","11","9","NULL","3","NULL","3","218","79","577"
"915","N04","Twiglane 8\n","6","200000","0","200000","255000","2","OCCUPIED","10","8","11","9","NULL","3","NULL","3","221","79","576"
"916","N07","Leafstreet 26\n","3","100000","0","100000","100000","0","OCCUPIED","10","8","0","0","NULL","3","NULL","3","224","79","574"
"917","D01","Stonelane 13\n","8","300000","0","300000","NULL","0","NOT_AVAILABLE","10","6","0","0","NULL","3","NULL","3","225","79","NULL"
"918","D04","Steelstreet 22\n","5","160000","0","160000","160000","2","OCCUPIED","10","6","10","7","NULL","3","NULL","3","228","79","573"
"919","D05","Steelstreet 20\n","5","160000","0","160000","160000","3","OCCUPIED","10","6","11","7","NULL","3","NULL","3","229","79","579"
"920","D10","Brickroad 6\n","2","80000","0","80000","105000","2","OCCUPIED","10","6","11","7","NULL","3","NULL","3","234","79","575"
"921","U01","Woolstreet 33\n","6","200000","0","195000","210000","0","OCCUPIED","7","8","8","9","2","3","2","3","235","79","578"
"922","U04","Grassroad 54\n","4","125000","0","120000","125000","0","OCCUPIED","7","8","0","0","2","3","2","3","238","79","572"
"923","U10","Twiglane 48\n","2","70000","0","65000","NULL","0","NOT_AVAILABLE","7","8","0","0","2","3","2","3","244","79","NULL"
"924","N05","Twiglane 5\n\n\n","6","200000","0","200000","200000","3","OCCUPIED","10","8","10","9","NULL","2","NULL","2","222","81","592"
"925","D02","Stonelane 11\n\n","8","300000","0","300000","NULL","0","NOT_AVAILABLE","10","6","0","0","NULL","2","NULL","2","226","81","NULL"
"926","D09","Brickroad 4\n\n","2","80000","0","80000","80000","1","OCCUPIED","10","6","11","6","NULL","2","NULL","2","233","81","588"
"927","U05","Grassroad 52\n\n","4","125000","0","125000","NULL","0","NOT_AVAILABLE","7","8","0","0","NULL","2","NULL","2","239","81","NULL"
"928","U09","Twiglane 44\n\n","2","70000","0","70000","NULL","0","NOT_AVAILABLE","7","8","0","0","NULL","2","NULL","2","243","81","NULL"
"929","N05","Twiglane 5\n\n\n","6","200000","0","200000","NULL","0","NOT_AVAILABLE","10","8","0","0","NULL","3","NULL","3","222","78","NULL"
"930","D02","Stonelane 11\n\n","8","300000","0","300000","NULL","0","NOT_AVAILABLE","10","6","0","0","NULL","3","NULL","3","226","78","NULL"
"931","D09","Brickroad 4\n\n","2","80000","0","80000","NULL","0","NOT_AVAILABLE","10","6","0","0","NULL","3","NULL","3","233","78","NULL"
"932","U05","Grassroad 52\n\n","4","125000","0","115000","NULL","0","NOT_AVAILABLE","7","8","0","0","3","3","3","3","239","78","NULL"
"933","U09","Twiglane 44\n\n","2","70000","0","60000","NULL","0","NOT_AVAILABLE","7","8","0","0","3","3","3","3","243","78","NULL"
"934","N05","Twiglane 5\n\n\n","6","200000","0","200000","NULL","0","NOT_AVAILABLE","10","8","0","0","NULL","2","NULL","2","222","77","NULL"
"935","D02","Stonelane 11\n\n","8","300000","0","300000","NULL","0","NOT_AVAILABLE","10","6","0","0","NULL","3","NULL","3","226","77","NULL"
"936","D09","Brickroad 4\n\n","2","80000","0","80000","NULL","0","NOT_AVAILABLE","10","6","0","0","NULL","3","NULL","3","233","77","NULL"
"937","U05","Grassroad 52\n\n","4","125000","0","125000","NULL","0","NOT_AVAILABLE","7","8","0","0","NULL","2","NULL","2","239","77","NULL"
"938","U09","Twiglane 44\n\n","2","70000","0","70000","70000","0","OCCUPIED","7","8","8","9","NULL","2","NULL","NULL","243","77","558"
"939","N05","Twiglane 5\n\n\n","6","200000","0","190000","200000","1","OCCUPIED","10","8","11","9","3","3","3","3","222","80","587"
"940","D02","Stonelane 11\n\n","8","300000","0","290000","NULL","0","NOT_AVAILABLE","10","6","0","0","3","3","3","3","226","80","NULL"
"941","D09","Brickroad 4\n\n","2","80000","0","70000","NULL","0","NOT_AVAILABLE","10","6","0","0","3","3","3","3","233","80","NULL"
"942","U05","Grassroad 52\n\n","4","125000","0","115000","NULL","0","NOT_AVAILABLE","7","8","0","0","3","3","3","3","239","80","NULL"
"943","U09","Twiglane 44\n\n","2","70000","0","60000","NULL","0","NOT_AVAILABLE","7","8","0","0","3","3","3","3","243","80","NULL"
"944","N06","Leafstreet 28\n\n","3","100000","0","100000","NULL","0","AVAILABLE","10","8","1","0","NULL","3","NULL","3","223","78","NULL"
"945","D03","Stonelane 15\n\n","8","300000","0","300000","NULL","0","AVAILABLE","10","6","0","0","NULL","3","NULL","3","227","78","NULL"
"946","D06","Steelstreet 25\n\n","5","160000","0","160000","NULL","0","AVAILABLE","10","6","0","1","NULL","3","NULL","3","230","78","NULL"
"947","U02","Woolstreet 37\n\n","6","200000","0","190000","NULL","0","AVAILABLE","7","8","1","1","3","3","3","3","236","78","NULL"
"948","U06","Grassroad 51\n\n","4","125000","0","115000","NULL","0","AVAILABLE","7","8","1","0","3","3","3","3","240","78","NULL"
"949","U07","Grassroad 53","4","125000","0","115000","NULL","0","AVAILABLE","7","8","1","2","3","3","3","NULL","241","78","NULL"
"950","N05","Twiglane 5\n\n\n","6","200000","0","200000","NULL","0","NOT_AVAILABLE","10","8","0","0","NULL","3","NULL","3","222","79","NULL"
"951","D02","Stonelane 11\n\n","8","300000","0","300000","NULL","0","NOT_AVAILABLE","10","6","0","0","NULL","3","NULL","3","226","79","NULL"
"952","D09","Brickroad 4\n\n","2","80000","0","80000","NULL","0","NOT_AVAILABLE","10","6","0","0","NULL","3","NULL","3","233","79","NULL"
"953","U05","Grassroad 52\n\n","4","125000","0","120000","NULL","0","NOT_AVAILABLE","7","8","0","0","2","3","2","3","239","79","NULL"
"954","U09","Twiglane 44\n\n","2","70000","0","65000","NULL","0","NOT_AVAILABLE","7","8","0","0","2","3","2","3","243","79","NULL"
"955","N06","Leafstreet 28\n\n","3","100000","0","100000","NULL","0","AVAILABLE","10","8","1","0","NULL","NULL","NULL","NULL","223","81","NULL"
"956","D03","Stonelane 15\n\n","8","300000","0","300000","NULL","0","AVAILABLE","10","6","0","0","NULL","NULL","NULL","NULL","227","81","NULL"
"957","D06","Steelstreet 25\n\n","5","160000","0","160000","NULL","0","AVAILABLE","10","6","0","1","NULL","NULL","NULL","NULL","230","81","NULL"
"958","U02","Woolstreet 37\n\n","6","200000","0","200000","NULL","0","AVAILABLE","7","8","1","1","NULL","NULL","NULL","NULL","236","81","NULL"
"959","U06","Grassroad 51\n\n","4","125000","0","125000","125000","2","OCCUPIED","7","8","8","9","NULL","NULL","NULL","NULL","240","81","591"
"960","U07","Grassroad 53","4","125000","0","125000","NULL","0","AVAILABLE","7","8","1","2","NULL","NULL","NULL","NULL","241","81","NULL"
"961","N06","Leafstreet 28\n\n","3","100000","0","100000","NULL","0","AVAILABLE","10","8","1","0","NULL","NULL","NULL","NULL","223","77","NULL"
"962","D03","Stonelane 15\n\n","8","300000","0","300000","NULL","0","AVAILABLE","10","6","0","0","NULL","3","NULL","3","227","77","NULL"
"963","D06","Steelstreet 25\n\n","5","160000","0","160000","160000","0","OCCUPIED","10","6","0","1","NULL","3","NULL","3","230","77","559"
"964","U02","Woolstreet 37\n\n","6","200000","0","200000","NULL","0","AVAILABLE","7","8","1","1","NULL","NULL","NULL","NULL","236","77","NULL"
"965","U06","Grassroad 51\n\n","4","125000","0","125000","NULL","0","AVAILABLE","7","8","1","0","NULL","NULL","NULL","NULL","240","77","NULL"
"966","U07","Grassroad 53","4","125000","0","125000","NULL","0","AVAILABLE","7","8","1","2","NULL","NULL","NULL","NULL","241","77","NULL"
"967","N06","Leafstreet 28\n\n","3","100000","0","90000","NULL","0","AVAILABLE","10","8","1","0","3","3","NULL","3","223","80","NULL"
"968","D03","Stonelane 15\n\n","8","300000","0","290000","NULL","0","AVAILABLE","10","6","0","0","3","3","3","3","227","80","NULL"
"969","D06","Steelstreet 25\n\n","5","160000","0","150000","NULL","0","AVAILABLE","10","6","0","1","3","3","3","3","230","80","NULL"
"970","U02","Woolstreet 37\n\n","6","200000","0","190000","200000","1","OCCUPIED","7","8","8","9","3","3","3","3","236","80","581"
"971","U06","Grassroad 51\n\n","4","125000","0","115000","NULL","0","AVAILABLE","7","8","1","0","3","3","3","3","240","80","NULL"
"972","U07","Grassroad 53","4","125000","0","115000","NULL","0","AVAILABLE","7","8","1","2","3","3","3","3","241","80","NULL"
"973","N06","Leafstreet 28\n\n","3","100000","0","100000","NULL","0","AVAILABLE","10","8","1","0","NULL","3","NULL","3","223","79","NULL"
"974","D03","Stonelane 15\n\n","8","300000","0","300000","NULL","0","AVAILABLE","10","6","0","0","NULL","3","NULL","3","227","79","NULL"
"975","D06","Steelstreet 25\n\n","5","160000","0","160000","NULL","0","AVAILABLE","10","6","0","1","NULL","3","NULL","3","230","79","NULL"
"976","U02","Woolstreet 37\n\n","6","200000","0","200000","NULL","0","AVAILABLE","7","8","1","1","NULL","3","NULL","3","236","79","NULL"
"977","U06","Grassroad 51\n\n","4","125000","0","125000","NULL","0","AVAILABLE","7","8","1","0","NULL","3","NULL","3","240","79","NULL"
"978","U07","Grassroad 53","4","125000","0","125000","NULL","0","AVAILABLE","7","8","1","2","NULL","3","NULL","NULL","241","79","NULL"
"994","N01","Stickroad 17","9","425000","0","425000","NULL","0","NOT_AVAILABLE","10","8","0","0","1","NULL","1","NULL","218","85","NULL"
"995","N04","Twiglane 8\n","6","200000","0","200000","200000","0","OCCUPIED","10","8","0","0","1","NULL","1","NULL","221","85","604"
"996","N07","Leafstreet 26\n","3","100000","0","100000","100000","1","OCCUPIED","10","8","11","9","1","NULL","NULL","NULL","224","85","605"
"997","D01","Stonelane 13\n","8","300000","0","300000","NULL","0","NOT_AVAILABLE","10","6","0","0","1","NULL","1","NULL","225","85","NULL"
"998","D04","Steelstreet 22\n","5","160000","0","160000","NULL","0","NOT_AVAILABLE","10","6","0","0","1","NULL","1","NULL","228","85","NULL"
"999","D05","Steelstreet 20\n","5","160000","0","160000","NULL","0","NOT_AVAILABLE","10","6","0","0","1","NULL","1","NULL","229","85","NULL"
"1000","D10","Brickroad 6\n","2","80000","0","80000","80000","0","OCCUPIED","10","6","0","0","1","NULL","1","NULL","234","85","607"
"1001","U01","Woolstreet 33\n","6","200000","0","200000","200000","3","OCCUPIED","7","8","8","9","1","NULL","1","NULL","235","85","608"
"1002","U04","Grassroad 54\n","4","125000","0","125000","125000","2","OCCUPIED","7","8","8","9","1","NULL","1","NULL","238","85","606"
"1003","U10","Twiglane 48\n","2","70000","0","70000","70000","1","OCCUPIED","7","8","7","9","1","NULL","1","NULL","244","85","611"
"1004","N01","Stickroad 17","9","425000","0","425000","NULL","0","AVAILABLE","10","8","0","0","NULL","NULL","NULL","NULL","218","84","NULL"
"1005","N04","Twiglane 8\n","6","200000","0","200000","200000","0","OCCUPIED","10","8","0","0","NULL","NULL","NULL","NULL","221","84","598"
"1006","N07","Leafstreet 26\n","3","100000","0","100000","117000","1","OCCUPIED","10","8","10","9","NULL","NULL","NULL","NULL","224","84","597"
"1007","D01","Stonelane 13\n","8","300000","0","300000","300000","0","OCCUPIED","10","6","0","0","NULL","1","NULL","1","225","84","601"
"1008","D04","Steelstreet 22\n","5","160000","0","160000","NULL","0","AVAILABLE","10","6","0","0","NULL","1","NULL","1","228","84","NULL"
"1009","D05","Steelstreet 20\n","5","160000","0","160000","NULL","0","AVAILABLE","10","6","0","0","NULL","1","NULL","1","229","84","NULL"
"1010","D10","Brickroad 6\n","2","80000","0","80000","NULL","0","AVAILABLE","10","6","0","0","NULL","1","NULL","1","234","84","NULL"
"1011","U01","Woolstreet 33\n","6","200000","0","200000","NULL","0","AVAILABLE","7","8","0","0","NULL","NULL","NULL","NULL","235","84","NULL"
"1012","U04","Grassroad 54\n","4","125000","0","125000","125000","0","OCCUPIED","7","8","0","0","NULL","NULL","NULL","NULL","238","84","596"
"1013","U10","Twiglane 48\n","2","70000","0","70000","70000","0","OCCUPIED","7","8","0","0","NULL","NULL","NULL","NULL","244","84","599"
"1014","N05","Twiglane 5\n\n\n","6","200000","0","200000","NULL","0","AVAILABLE","10","8","0","0","NULL","NULL","NULL","NULL","222","85","NULL"
"1015","D02","Stonelane 11\n\n","8","300000","0","300000","NULL","0","AVAILABLE","10","6","0","0","NULL","NULL","NULL","NULL","226","85","NULL"
"1016","D09","Brickroad 4\n\n","2","80000","0","80000","NULL","0","AVAILABLE","10","6","0","0","NULL","NULL","NULL","NULL","233","85","NULL"
"1017","U05","Grassroad 52\n\n","4","125000","0","125000","NULL","0","AVAILABLE","7","8","0","0","NULL","NULL","NULL","NULL","239","85","NULL"
"1018","U09","Twiglane 44\n\n","2","70000","0","70000","NULL","0","AVAILABLE","7","8","0","0","NULL","NULL","NULL","NULL","243","85","NULL"
